fold,train_start,train_end,test_start,test_end,loc_lookback,loc_threshold,stop_atr_mult,atr_period,train_sharpe,test_bars,oos_trades,oos_return,oos_sharpe
1,2022-01-02 23:00:00+00:00,2022-03-27 23:00:00+00:00,2022-03-27 23:00:00+00:00,2022-04-17 23:00:00+00:00,12,0.9,2.0,14,3.723472742886799,322,12,-0.008096123230677654,-1.8409378240482153
2,2022-01-23 23:00:00+00:00,2022-04-17 23:00:00+00:00,2022-04-17 23:00:00+00:00,2022-05-08 23:00:00+00:00,12,0.9,2.0,14,2.442239867421022,345,9,0.0526975090403452,6.394100333510627
3,2022-02-13 23:00:00+00:00,2022-05-08 23:00:00+00:00,2022-05-08 23:00:00+00:00,2022-05-29 23:00:00+00:00,12,0.9,2.0,14,3.6018416170280037,345,13,-0.021133507091490866,-1.9734310989775372
4,2022-03-06 23:00:00+00:00,2022-05-29 23:00:00+00:00,2022-05-29 23:00:00+00:00,2022-06-19 23:00:00+00:00,48,0.7,2.0,14,3.2344514378684632,341,19,-0.004931884255253816,-0.5946234045102041
5,2022-03-27 23:00:00+00:00,2022-06-19 23:00:00+00:00,2022-06-19 23:00:00+00:00,2022-07-10 23:00:00+00:00,48,0.7,2.0,14,1.9691624188870025,337,17,-0.03770641941690733,-5.94606287935865
6,2022-04-17 23:00:00+00:00,2022-07-10 23:00:00+00:00,2022-07-10 23:00:00+00:00,2022-07-31 23:00:00+00:00,48,0.7,2.0,14,1.0778351243147695,345,18,0.0003355502417725642,0.10605370460606055
7,2022-05-08 23:00:00+00:00,2022-07-31 23:00:00+00:00,2022-07-31 23:00:00+00:00,2022-08-21 23:00:00+00:00,12,0.7,2.0,14,0.28988471995610327,345,17,-0.028983492289738955,-6.116583783916967
8,2022-05-29 23:00:00+00:00,2022-08-21 23:00:00+00:00,2022-08-21 23:00:00+00:00,2022-09-11 23:00:00+00:00,12,0.7,2.0,14,-0.10086118823646197,341,19,-0.0039928825230746146,-0.6581895529299323
9,2022-06-19 23:00:00+00:00,2022-09-11 23:00:00+00:00,2022-09-11 23:00:00+00:00,2022-10-02 23:00:00+00:00,12,0.9,2.0,14,-0.49270269772021436,345,11,-0.006188492561422176,-0.9873242685808868
10,2022-07-10 23:00:00+00:00,2022-10-02 23:00:00+00:00,2022-10-02 23:00:00+00:00,2022-10-23 23:00:00+00:00,18,0.8,2.0,14,0.766312267441185,345,16,-0.0025642848033863297,-0.3135798813414648
11,2022-07-31 23:00:00+00:00,2022-10-23 23:00:00+00:00,2022-10-23 23:00:00+00:00,2022-11-13 23:00:00+00:00,18,0.8,2.0,14,0.04408370036429818,344,14,0.012356909913689984,1.9303738661774694
12,2022-08-21 23:00:00+00:00,2022-11-13 23:00:00+00:00,2022-11-13 23:00:00+00:00,2022-12-04 23:00:00+00:00,48,0.7,2.0,14,1.2325549032020215,338,18,-0.03469170584546433,-5.2943591030787704
13,2022-09-11 23:00:00+00:00,2022-12-04 23:00:00+00:00,2022-12-04 23:00:00+00:00,2022-12-25 23:00:00+00:00,24,0.8,2.0,14,0.48865418456041376,345,12,-0.010504277072654333,-1.7011383153339523
14,2022-10-02 23:00:00+00:00,2022-12-25 23:00:00+00:00,2022-12-25 23:00:00+00:00,2023-01-15 23:00:00+00:00,48,0.9,2.0,14,0.7594019003927577,299,7,-0.004272834215450327,-1.4823285912905977
15,2022-10-23 23:00:00+00:00,2023-01-15 23:00:00+00:00,2023-01-15 23:00:00+00:00,2023-02-05 23:00:00+00:00,48,0.9,2.0,14,-0.1858025181431073,341,9,-0.0024534878990309927,-0.5571817681753485
16,2022-11-13 23:00:00+00:00,2023-02-05 23:00:00+00:00,2023-02-05 23:00:00+00:00,2023-02-26 23:00:00+00:00,48,0.9,2.0,14,0.34995785581619476,341,8,-0.01996958977261598,-7.183594062206928
17,2022-12-04 23:00:00+00:00,2023-02-26 23:00:00+00:00,2023-02-26 23:00:00+00:00,2023-03-19 23:00:00+00:00,18,0.9,2.0,14,-1.9281139924958408,346,8,0.015647001691759366,3.6427420428490143
18,2022-12-25 23:00:00+00:00,2023-03-19 23:00:00+00:00,2023-03-19 23:00:00+00:00,2023-04-09 23:00:00+00:00,12,0.9,2.0,14,0.3874014689867709,338,9,-0.007854528231707403,-2.956024808868008
19,2023-01-15 23:00:00+00:00,2023-04-09 23:00:00+00:00,2023-04-09 23:00:00+00:00,2023-04-30 23:00:00+00:00,12,0.9,2.0,14,0.6279317493111107,345,10,0.001686125815476558,0.6219460408170162
20,2023-02-05 23:00:00+00:00,2023-04-30 23:00:00+00:00,2023-04-30 23:00:00+00:00,2023-05-21 23:00:00+00:00,12,0.9,2.0,14,0.9312589108153839,345,7,-0.015013249928894967,-5.379040471365973
21,2023-02-26 23:00:00+00:00,2023-05-21 23:00:00+00:00,2023-05-21 23:00:00+00:00,2023-06-11 23:00:00+00:00,12,0.9,2.0,14,-0.059250855355249696,341,8,-0.0058262996477574935,-3.1147501100346657
22,2023-03-19 23:00:00+00:00,2023-06-11 23:00:00+00:00,2023-06-11 23:00:00+00:00,2023-07-02 23:00:00+00:00,24,0.7,2.0,14,-2.095799717019547,341,16,-0.012362422721069688,-3.5720847837658
23,2023-04-09 23:00:00+00:00,2023-07-02 23:00:00+00:00,2023-07-02 23:00:00+00:00,2023-07-23 23:00:00+00:00,18,0.8,2.0,14,-1.2779417970277107,338,13,-0.015173068818778779,-5.637029490904268
24,2023-04-30 23:00:00+00:00,2023-07-23 23:00:00+00:00,2023-07-23 23:00:00+00:00,2023-08-13 23:00:00+00:00,18,0.9,2.0,14,-2.23975374538011,345,12,-0.028704714210254223,-7.648269656647704
25,2023-05-21 23:00:00+00:00,2023-08-13 23:00:00+00:00,2023-08-13 23:00:00+00:00,2023-09-03 23:00:00+00:00,12,0.8,2.0,14,-2.1029879083744256,345,17,0.004768763150363675,1.3209569650990325
26,2023-06-11 23:00:00+00:00,2023-09-03 23:00:00+00:00,2023-09-03 23:00:00+00:00,2023-09-24 23:00:00+00:00,12,0.8,2.0,14,-1.7137244801529337,341,14,-0.010439538287384198,-3.2796062020524914
27,2023-07-02 23:00:00+00:00,2023-09-24 23:00:00+00:00,2023-09-24 23:00:00+00:00,2023-10-15 23:00:00+00:00,18,0.8,2.0,14,-2.9274635999585,345,17,-0.014210425172699326,-2.8266893681233816
28,2023-07-23 23:00:00+00:00,2023-10-15 23:00:00+00:00,2023-10-15 23:00:00+00:00,2023-11-05 23:00:00+00:00,18,0.8,2.0,14,-2.4589471771578113,345,19,-0.015198700672921617,-3.211110639444051
29,2023-08-13 23:00:00+00:00,2023-11-05 23:00:00+00:00,2023-11-05 23:00:00+00:00,2023-11-26 23:00:00+00:00,48,0.8,2.0,14,-1.194315897432294,338,13,-0.008019124962932,-3.672704092726782
30,2023-09-03 23:00:00+00:00,2023-11-26 23:00:00+00:00,2023-11-26 23:00:00+00:00,2023-12-17 23:00:00+00:00,48,0.8,2.0,14,-2.1087707968982916,345,15,-0.01692610078418766,-4.415938964067801
31,2023-09-24 23:00:00+00:00,2023-12-17 23:00:00+00:00,2023-12-17 23:00:00+00:00,2024-01-07 23:00:00+00:00,48,0.8,2.0,14,-2.716355478639434,299,14,-0.022071026668072702,-7.035140163255021
32,2023-10-15 23:00:00+00:00,2024-01-07 23:00:00+00:00,2024-01-07 23:00:00+00:00,2024-01-28 23:00:00+00:00,48,0.8,2.0,14,-1.9883006328411243,341,12,-0.00392336050437303,-1.3393778144836028
33,2023-11-05 23:00:00+00:00,2024-01-28 23:00:00+00:00,2024-01-28 23:00:00+00:00,2024-02-18 23:00:00+00:00,48,0.8,2.0,14,-3.717140379096898,345,13,-0.003460512068311994,-0.9631343208544505
34,2023-11-26 23:00:00+00:00,2024-02-18 23:00:00+00:00,2024-02-18 23:00:00+00:00,2024-03-10 23:00:00+00:00,48,0.8,2.0,14,-3.2131591289912915,342,12,-0.01272654072589785,-3.850628516162284
35,2023-12-17 23:00:00+00:00,2024-03-10 23:00:00+00:00,2024-03-10 23:00:00+00:00,2024-03-31 23:00:00+00:00,24,0.9,2.0,14,-1.6958211660582385,322,9,-0.023807101830050192,-13.62063137318787
36,2024-01-07 23:00:00+00:00,2024-03-31 23:00:00+00:00,2024-03-31 23:00:00+00:00,2024-04-21 23:00:00+00:00,48,0.8,2.0,14,-2.6600191727159785,345,9,-0.014363576626189922,-2.8268536762976875
37,2024-01-28 23:00:00+00:00,2024-04-21 23:00:00+00:00,2024-04-21 23:00:00+00:00,2024-05-12 23:00:00+00:00,48,0.9,2.0,14,-1.6475831892563837,345,11,-0.02605979604603459,-6.265923453887438
38,2024-02-18 23:00:00+00:00,2024-05-12 23:00:00+00:00,2024-05-12 23:00:00+00:00,2024-06-02 23:00:00+00:00,48,0.9,2.0,14,-3.048240874742991,341,8,-0.02084438827456303,-6.153285394981416
39,2024-03-10 23:00:00+00:00,2024-06-02 23:00:00+00:00,2024-06-02 23:00:00+00:00,2024-06-23 23:00:00+00:00,48,0.9,2.0,14,-3.6917971861286776,341,8,0.0005506543050475265,0.3368762743628225
40,2024-03-31 23:00:00+00:00,2024-06-23 23:00:00+00:00,2024-06-23 23:00:00+00:00,2024-07-14 23:00:00+00:00,18,0.9,2.0,14,-2.856103792136031,338,8,0.008327483621329623,3.3747936154709204
41,2024-04-21 23:00:00+00:00,2024-07-14 23:00:00+00:00,2024-07-14 23:00:00+00:00,2024-08-04 23:00:00+00:00,18,0.9,2.0,14,-2.572902642055337,345,14,-0.01477358078376867,-3.02086896990411
42,2024-05-12 23:00:00+00:00,2024-08-04 23:00:00+00:00,2024-08-04 23:00:00+00:00,2024-08-25 23:00:00+00:00,24,0.9,2.0,14,-1.9762318810803083,345,11,-0.007071416953062015,-1.7309768803134158
43,2024-06-02 23:00:00+00:00,2024-08-25 23:00:00+00:00,2024-08-25 23:00:00+00:00,2024-09-15 23:00:00+00:00,24,0.7,2.0,14,0.12396890977866296,341,17,-0.012007519300625713,-2.326668058569835
44,2024-06-23 23:00:00+00:00,2024-09-15 23:00:00+00:00,2024-09-15 23:00:00+00:00,2024-10-06 23:00:00+00:00,48,0.8,2.0,14,-0.7000409340672541,345,8,-0.01692562743099779,-7.1652839064857385
45,2024-07-14 23:00:00+00:00,2024-10-06 23:00:00+00:00,2024-10-06 23:00:00+00:00,2024-10-27 23:00:00+00:00,48,0.8,2.0,14,-1.4331307120367969,345,9,-0.004056176348373852,-1.7302909645981754
46,2024-08-04 23:00:00+00:00,2024-10-27 23:00:00+00:00,2024-10-27 23:00:00+00:00,2024-11-17 23:00:00+00:00,48,0.9,2.0,14,-0.7205268966789173,344,9,-0.0010900099838990762,-0.4175084762528715
47,2024-08-25 23:00:00+00:00,2024-11-17 23:00:00+00:00,2024-11-17 23:00:00+00:00,2024-12-08 23:00:00+00:00,48,0.9,2.0,14,-0.5727297207120725,338,8,-0.006095899618340561,-4.145039029177071
48,2024-09-15 23:00:00+00:00,2024-12-08 23:00:00+00:00,2024-12-08 23:00:00+00:00,2024-12-29 23:00:00+00:00,48,0.9,2.0,14,-0.4030351741603248,319,12,-0.03260285689784537,-8.110763010849416
