fold,train_start,train_end,test_start,test_end,range_lookback,fail_window,target_frac,stop_width_frac,train_sharpe,test_bars,oos_trades,oos_return,oos_sharpe
1,2022-01-02 23:00:00+00:00,2022-03-27 23:00:00+00:00,2022-03-27 23:00:00+00:00,2022-04-17 23:00:00+00:00,24,1,1.0,0.5,-0.26639563203496053,1288,26,-0.06500802478449663,-8.10454423705818
2,2022-01-23 23:00:00+00:00,2022-04-17 23:00:00+00:00,2022-04-17 23:00:00+00:00,2022-05-08 23:00:00+00:00,24,1,1.0,0.5,-1.9212882499249178,1380,33,-0.09203512263052138,-6.667081136265302
3,2022-02-13 23:00:00+00:00,2022-05-08 23:00:00+00:00,2022-05-08 23:00:00+00:00,2022-05-29 23:00:00+00:00,24,2,1.0,0.5,-3.6238266123851033,1380,29,-0.04282348320903662,-2.785512816924382
4,2022-03-06 23:00:00+00:00,2022-05-29 23:00:00+00:00,2022-05-29 23:00:00+00:00,2022-06-19 23:00:00+00:00,24,2,1.0,0.5,-2.8437195378018845,1364,29,-0.043592301571834136,-3.2317171687764734
5,2022-03-27 23:00:00+00:00,2022-06-19 23:00:00+00:00,2022-06-19 23:00:00+00:00,2022-07-10 23:00:00+00:00,192,3,0.25,0.5,-3.24579202811154,1348,11,-0.0028688595475535594,-0.3731467623448753
6,2022-04-17 23:00:00+00:00,2022-07-10 23:00:00+00:00,2022-07-10 23:00:00+00:00,2022-07-31 23:00:00+00:00,48,2,0.5,0.5,-2.8239735364116885,1380,27,-0.06076543369577936,-7.566831079148994
7,2022-05-08 23:00:00+00:00,2022-07-31 23:00:00+00:00,2022-07-31 23:00:00+00:00,2022-08-21 23:00:00+00:00,96,2,1.0,0.5,-1.2715583260069028,1380,15,0.011935582233437048,1.6530809433982199
8,2022-05-29 23:00:00+00:00,2022-08-21 23:00:00+00:00,2022-08-21 23:00:00+00:00,2022-09-11 23:00:00+00:00,96,3,1.0,0.5,0.772919889070056,1364,14,-0.011496083015211322,-1.1579513101416123
9,2022-06-19 23:00:00+00:00,2022-09-11 23:00:00+00:00,2022-09-11 23:00:00+00:00,2022-10-02 23:00:00+00:00,48,6,1.0,0.5,-0.06514530855232674,1380,26,-0.04077493191422221,-3.5031119534164086
10,2022-07-10 23:00:00+00:00,2022-10-02 23:00:00+00:00,2022-10-02 23:00:00+00:00,2022-10-23 23:00:00+00:00,96,6,1.0,0.5,0.3815916642775919,1380,15,0.11708507816318048,9.231027428761593
11,2022-07-31 23:00:00+00:00,2022-10-23 23:00:00+00:00,2022-10-23 23:00:00+00:00,2022-11-13 23:00:00+00:00,96,6,1.0,0.5,3.6560878016830256,1376,16,-0.07584480011805839,-6.288140357753387
12,2022-08-21 23:00:00+00:00,2022-11-13 23:00:00+00:00,2022-11-13 23:00:00+00:00,2022-12-04 23:00:00+00:00,96,6,0.5,0.5,1.967559340240462,1349,14,0.004792004550926432,0.656322356855793
13,2022-09-11 23:00:00+00:00,2022-12-04 23:00:00+00:00,2022-12-04 23:00:00+00:00,2022-12-25 23:00:00+00:00,24,6,1.0,0.5,2.4778400214263354,1380,30,-0.04296343656714774,-4.324788335200743
14,2022-10-02 23:00:00+00:00,2022-12-25 23:00:00+00:00,2022-12-25 23:00:00+00:00,2023-01-15 23:00:00+00:00,24,6,1.0,0.5,2.274892328048284,1196,21,-0.026917398400210346,-3.2058765476960165
15,2022-10-23 23:00:00+00:00,2023-01-15 23:00:00+00:00,2023-01-15 23:00:00+00:00,2023-02-05 23:00:00+00:00,24,6,1.0,0.5,0.6036166833764218,1272,33,-0.0685264951490071,-8.542048521964654
16,2022-11-13 23:00:00+00:00,2023-02-05 23:00:00+00:00,2023-02-05 23:00:00+00:00,2023-02-26 23:00:00+00:00,48,6,0.5,0.5,-1.2376750959309284,1364,32,-0.01952136723988962,-2.3237977817945006
17,2022-12-04 23:00:00+00:00,2023-02-26 23:00:00+00:00,2023-02-26 23:00:00+00:00,2023-03-19 23:00:00+00:00,192,6,1.0,0.5,-1.677736560512189,1292,12,-0.02902378610237477,-3.566495219047904
18,2022-12-25 23:00:00+00:00,2023-03-19 23:00:00+00:00,2023-03-19 23:00:00+00:00,2023-04-09 23:00:00+00:00,192,6,1.0,0.5,-2.2093939450685305,1265,7,0.0180088061534609,3.3186147460612765
19,2023-01-15 23:00:00+00:00,2023-04-09 23:00:00+00:00,2023-04-09 23:00:00+00:00,2023-04-30 23:00:00+00:00,192,3,1.0,0.5,-1.423915620386136,1376,9,-0.022578846867658653,-6.799801029003902
20,2023-02-05 23:00:00+00:00,2023-04-30 23:00:00+00:00,2023-04-30 23:00:00+00:00,2023-05-21 23:00:00+00:00,96,6,0.5,0.5,0.3146628839266977,1376,16,-0.024508408881638633,-5.068345526002618
21,2023-02-26 23:00:00+00:00,2023-05-21 23:00:00+00:00,2023-05-21 23:00:00+00:00,2023-06-11 23:00:00+00:00,96,6,1.0,0.5,-0.3647132759262677,1272,17,-0.026386925671356476,-4.545872223992051
22,2023-03-19 23:00:00+00:00,2023-06-11 23:00:00+00:00,2023-06-11 23:00:00+00:00,2023-07-02 23:00:00+00:00,96,6,1.0,0.5,-0.7084082007437617,1280,16,-0.037975510965584935,-6.348058269316757
23,2023-04-09 23:00:00+00:00,2023-07-02 23:00:00+00:00,2023-07-02 23:00:00+00:00,2023-07-23 23:00:00+00:00,24,6,1.0,0.5,-2.9338887201664536,1349,31,-0.02766432948122466,-4.647865053278088
24,2023-04-30 23:00:00+00:00,2023-07-23 23:00:00+00:00,2023-07-23 23:00:00+00:00,2023-08-13 23:00:00+00:00,192,3,0.25,0.5,-3.2524805190365824,1288,14,0.016058386661347734,3.7335706859595907
25,2023-05-21 23:00:00+00:00,2023-08-13 23:00:00+00:00,2023-08-13 23:00:00+00:00,2023-09-03 23:00:00+00:00,192,1,1.0,0.5,-0.334711998050505,1288,9,-0.025620479168872223,-5.669724496282669
26,2023-06-11 23:00:00+00:00,2023-09-03 23:00:00+00:00,2023-09-03 23:00:00+00:00,2023-09-24 23:00:00+00:00,192,6,1.0,0.5,-0.01925451585398944,1364,9,-0.027981565002612507,-6.089660479782865
27,2023-07-02 23:00:00+00:00,2023-09-24 23:00:00+00:00,2023-09-24 23:00:00+00:00,2023-10-15 23:00:00+00:00,192,2,1.0,0.5,-1.1887446640872346,1380,12,0.00046402327321337644,0.12777458912646203
28,2023-07-23 23:00:00+00:00,2023-10-15 23:00:00+00:00,2023-10-15 23:00:00+00:00,2023-11-05 23:00:00+00:00,192,3,1.0,0.5,0.47080096616459055,1284,12,-0.04978631017409596,-8.902641014802755
29,2023-08-13 23:00:00+00:00,2023-11-05 23:00:00+00:00,2023-11-05 23:00:00+00:00,2023-11-26 23:00:00+00:00,192,6,1.0,0.5,-3.770380805708616,1349,11,-0.02135622065373577,-5.334582271573028
30,2023-09-03 23:00:00+00:00,2023-11-26 23:00:00+00:00,2023-11-26 23:00:00+00:00,2023-12-17 23:00:00+00:00,96,3,1.0,0.5,-3.460139454752523,1288,13,-0.004993594658319833,-0.9817659844474952
31,2023-09-24 23:00:00+00:00,2023-12-17 23:00:00+00:00,2023-12-17 23:00:00+00:00,2024-01-07 23:00:00+00:00,192,3,1.0,0.5,-2.5283571810410996,1196,10,-0.010939418691300662,-2.827796521169601
32,2023-10-15 23:00:00+00:00,2024-01-07 23:00:00+00:00,2024-01-07 23:00:00+00:00,2024-01-28 23:00:00+00:00,48,1,1.0,0.5,-3.657878203252573,1364,22,-0.004399802481922621,-0.8406644602471851
33,2023-11-05 23:00:00+00:00,2024-01-28 23:00:00+00:00,2024-01-28 23:00:00+00:00,2024-02-18 23:00:00+00:00,192,1,1.0,0.5,-2.945655635178629,1288,8,-0.0112439431447251,-3.1681326569103083
34,2023-11-26 23:00:00+00:00,2024-02-18 23:00:00+00:00,2024-02-18 23:00:00+00:00,2024-03-10 23:00:00+00:00,24,6,1.0,0.5,-2.232786081414522,1276,24,-0.030110267466545326,-6.07714362373478
35,2023-12-17 23:00:00+00:00,2024-03-10 23:00:00+00:00,2024-03-10 23:00:00+00:00,2024-03-31 23:00:00+00:00,96,1,1.0,0.5,-2.595576229584158,1284,13,-0.0002514424223618583,-0.014962127675796747
36,2024-01-07 23:00:00+00:00,2024-03-31 23:00:00+00:00,2024-03-31 23:00:00+00:00,2024-04-21 23:00:00+00:00,96,1,1.0,0.5,-1.549777278899987,1376,15,0.0044513332176427944,0.866617034001849
37,2024-01-28 23:00:00+00:00,2024-04-21 23:00:00+00:00,2024-04-21 23:00:00+00:00,2024-05-12 23:00:00+00:00,96,1,1.0,0.5,-0.8301557774001722,1288,13,-0.002713656464478187,-0.40726532362833684
38,2024-02-18 23:00:00+00:00,2024-05-12 23:00:00+00:00,2024-05-12 23:00:00+00:00,2024-06-02 23:00:00+00:00,48,6,1.0,0.5,0.22166978157613434,1280,25,0.00965966227137538,2.11049295331257
39,2024-03-10 23:00:00+00:00,2024-06-02 23:00:00+00:00,2024-06-02 23:00:00+00:00,2024-06-23 23:00:00+00:00,48,6,1.0,0.5,1.6551627758751386,1364,26,-0.020864178421315605,-3.987671258562365
40,2024-03-31 23:00:00+00:00,2024-06-23 23:00:00+00:00,2024-06-23 23:00:00+00:00,2024-07-14 23:00:00+00:00,48,6,1.0,0.5,0.7229994448170756,1341,34,-0.03888476332357438,-7.3530860547884
41,2024-04-21 23:00:00+00:00,2024-07-14 23:00:00+00:00,2024-07-14 23:00:00+00:00,2024-08-04 23:00:00+00:00,48,6,1.0,0.5,-0.6025823514571025,1288,24,-0.059342804739905275,-7.026595132540891
42,2024-05-12 23:00:00+00:00,2024-08-04 23:00:00+00:00,2024-08-04 23:00:00+00:00,2024-08-25 23:00:00+00:00,24,6,1.0,0.5,-3.411459076874167,1380,31,-0.038833667315960496,-3.7131397443880934
43,2024-06-02 23:00:00+00:00,2024-08-25 23:00:00+00:00,2024-08-25 23:00:00+00:00,2024-09-15 23:00:00+00:00,24,6,1.0,0.5,-3.3391861966264713,1364,30,-0.019576029893022096,-2.2852562618646086
44,2024-06-23 23:00:00+00:00,2024-09-15 23:00:00+00:00,2024-09-15 23:00:00+00:00,2024-10-06 23:00:00+00:00,24,6,1.0,0.5,-2.6226931740210953,1288,26,0.02373189539419096,3.644950903942895
45,2024-07-14 23:00:00+00:00,2024-10-06 23:00:00+00:00,2024-10-06 23:00:00+00:00,2024-10-27 23:00:00+00:00,96,6,0.25,0.5,-1.0761162446266943,1380,20,-0.026336388753145368,-6.277119774081064
46,2024-08-04 23:00:00+00:00,2024-10-27 23:00:00+00:00,2024-10-27 23:00:00+00:00,2024-11-17 23:00:00+00:00,48,3,1.0,0.5,-0.9262846908301225,1284,24,-0.04858457409456585,-10.850848420252571
47,2024-08-25 23:00:00+00:00,2024-11-17 23:00:00+00:00,2024-11-17 23:00:00+00:00,2024-12-08 23:00:00+00:00,48,3,1.0,0.5,-0.31415769558818424,1349,21,-0.0025835224959007697,-0.44007683916384077
48,2024-09-15 23:00:00+00:00,2024-12-08 23:00:00+00:00,2024-12-08 23:00:00+00:00,2024-12-29 23:00:00+00:00,48,3,1.0,0.5,-1.3256340709945769,1273,21,-0.020755598556080224,-3.2718389612035055
