fold,train_start,train_end,test_start,test_end,k,feature_lookback,pred_threshold,stop_atr_mult,train_sharpe,test_bars,oos_trades,oos_return,oos_sharpe
1,2022-01-02 23:00:00+00:00,2022-03-27 23:00:00+00:00,2022-03-27 23:00:00+00:00,2022-04-17 23:00:00+00:00,15.0,288,0.0005,3.0,2.457898091978799,1288,8,-0.013693436130669534,-2.3559920504025125
2,2022-01-23 23:00:00+00:00,2022-04-17 23:00:00+00:00,2022-04-17 23:00:00+00:00,2022-05-08 23:00:00+00:00,5.0,480,0.001,2.0,2.1937473265958647,1380,12,0.0471483524202283,4.276617205493779
3,2022-02-13 23:00:00+00:00,2022-05-08 23:00:00+00:00,2022-05-08 23:00:00+00:00,2022-05-29 23:00:00+00:00,5.0,480,0.0005,3.0,3.358552019067142,1380,6,-0.003753274837053011,-0.308394074046357
4,2022-03-06 23:00:00+00:00,2022-05-29 23:00:00+00:00,2022-05-29 23:00:00+00:00,2022-06-19 23:00:00+00:00,15.0,288,0.0,1.0,0.3281241544916199,1364,15,-0.013270672976502085,-1.4648655076728665
5,2022-03-27 23:00:00+00:00,2022-06-19 23:00:00+00:00,2022-06-19 23:00:00+00:00,2022-07-10 23:00:00+00:00,10.0,288,0.0,1.5,2.8929130913116823,1348,9,0.08994297720761657,11.602453470358842
6,2022-04-17 23:00:00+00:00,2022-07-10 23:00:00+00:00,2022-07-10 23:00:00+00:00,2022-07-31 23:00:00+00:00,5.0,480,0.0,1.5,5.829739284118255,1380,17,0.03581688343942835,5.042912131532236
7,2022-05-08 23:00:00+00:00,2022-07-31 23:00:00+00:00,2022-07-31 23:00:00+00:00,2022-08-21 23:00:00+00:00,15.0,288,0.0,3.0,6.669471800503182,1380,24,0.002408395212846637,0.3442799290127716
8,2022-05-29 23:00:00+00:00,2022-08-21 23:00:00+00:00,2022-08-21 23:00:00+00:00,2022-09-11 23:00:00+00:00,5.0,480,0.001,3.0,7.096110380458405,1364,15,-0.03438537865803104,-4.356883356572878
9,2022-06-19 23:00:00+00:00,2022-09-11 23:00:00+00:00,2022-09-11 23:00:00+00:00,2022-10-02 23:00:00+00:00,15.0,288,0.0005,1.0,2.4262155420541798,1380,41,-0.062492855792840474,-4.929385010942465
10,2022-07-10 23:00:00+00:00,2022-10-02 23:00:00+00:00,2022-10-02 23:00:00+00:00,2022-10-23 23:00:00+00:00,10.0,288,0.001,3.0,0.06255419377456321,1380,4,-0.009613704605591855,-2.1013418979252902
11,2022-07-31 23:00:00+00:00,2022-10-23 23:00:00+00:00,2022-10-23 23:00:00+00:00,2022-11-13 23:00:00+00:00,5.0,768,0.0,1.0,4.444551632065232,1376,18,-0.0001011785110436314,0.060794284185850894
12,2022-08-21 23:00:00+00:00,2022-11-13 23:00:00+00:00,2022-11-13 23:00:00+00:00,2022-12-04 23:00:00+00:00,15.0,480,0.0005,3.0,3.6561526868601897,1349,17,0.06276547764498352,7.006053116193179
13,2022-09-11 23:00:00+00:00,2022-12-04 23:00:00+00:00,2022-12-04 23:00:00+00:00,2022-12-25 23:00:00+00:00,5.0,288,0.001,3.0,3.6443915495974437,1380,15,-0.016514389613206282,-1.8666169362185865
14,2022-10-02 23:00:00+00:00,2022-12-25 23:00:00+00:00,2022-12-25 23:00:00+00:00,2023-01-15 23:00:00+00:00,5.0,480,0.001,2.0,1.8650932965575309,1196,8,0.02177936179799178,3.950224195025944
15,2022-10-23 23:00:00+00:00,2023-01-15 23:00:00+00:00,2023-01-15 23:00:00+00:00,2023-02-05 23:00:00+00:00,10.0,480,0.0005,2.0,2.747763139325114,1272,7,0.0058428855328487295,1.3760838680915397
16,2022-11-13 23:00:00+00:00,2023-02-05 23:00:00+00:00,2023-02-05 23:00:00+00:00,2023-02-26 23:00:00+00:00,15.0,480,0.0,1.0,5.07591423426829,1364,28,-0.03513660526916096,-6.704930805203382
17,2022-12-04 23:00:00+00:00,2023-02-26 23:00:00+00:00,2023-02-26 23:00:00+00:00,2023-03-19 23:00:00+00:00,10.0,768,0.0005,1.0,6.135110495532442,1292,38,0.02007522032960707,2.336972711909642
18,2022-12-25 23:00:00+00:00,2023-03-19 23:00:00+00:00,2023-03-19 23:00:00+00:00,2023-04-09 23:00:00+00:00,10.0,768,0.0,1.0,4.554665665411664,1265,19,-0.0010441930814411027,-0.22182226825273996
19,2023-01-15 23:00:00+00:00,2023-04-09 23:00:00+00:00,2023-04-09 23:00:00+00:00,2023-04-30 23:00:00+00:00,15.0,288,0.001,1.0,3.2939987735487968,1376,43,-0.009590592409754461,-1.4948027842181786
20,2023-02-05 23:00:00+00:00,2023-04-30 23:00:00+00:00,2023-04-30 23:00:00+00:00,2023-05-21 23:00:00+00:00,15.0,768,0.0005,1.5,4.22115949277334,1376,31,0.0017106989060939881,0.35800009397979143
21,2023-02-26 23:00:00+00:00,2023-05-21 23:00:00+00:00,2023-05-21 23:00:00+00:00,2023-06-11 23:00:00+00:00,5.0,768,0.0005,1.0,4.7158188633436025,1272,36,-0.01908212206653881,-3.670012212300443
22,2023-03-19 23:00:00+00:00,2023-06-11 23:00:00+00:00,2023-06-11 23:00:00+00:00,2023-07-02 23:00:00+00:00,5.0,288,0.0005,3.0,1.681292025194359,1280,15,0.03234230201278998,5.185007368582754
23,2023-04-09 23:00:00+00:00,2023-07-02 23:00:00+00:00,2023-07-02 23:00:00+00:00,2023-07-23 23:00:00+00:00,5.0,288,0.0005,3.0,2.653725949610626,1349,20,0.0014421621629634451,0.32153379239589747
24,2023-04-30 23:00:00+00:00,2023-07-23 23:00:00+00:00,2023-07-23 23:00:00+00:00,2023-08-13 23:00:00+00:00,15.0,768,0.001,3.0,2.5242011414068983,1288,25,-0.03763541446421448,-5.255273317052611
25,2023-05-21 23:00:00+00:00,2023-08-13 23:00:00+00:00,2023-08-13 23:00:00+00:00,2023-09-03 23:00:00+00:00,5.0,480,0.001,3.0,0.2539970259612344,1288,11,0.021286737564562452,4.564033029404523
26,2023-06-11 23:00:00+00:00,2023-09-03 23:00:00+00:00,2023-09-03 23:00:00+00:00,2023-09-24 23:00:00+00:00,10.0,288,0.001,3.0,0.7093497653222683,1364,7,-0.003470548014372188,-1.033290249382379
27,2023-07-02 23:00:00+00:00,2023-09-24 23:00:00+00:00,2023-09-24 23:00:00+00:00,2023-10-15 23:00:00+00:00,10.0,480,0.001,1.5,3.6515177235638117,1380,6,0.029940119081111938,8.987232355577333
28,2023-07-23 23:00:00+00:00,2023-10-15 23:00:00+00:00,2023-10-15 23:00:00+00:00,2023-11-05 23:00:00+00:00,10.0,480,0.001,1.0,4.437118158421217,1284,6,0.0022597669513204632,0.8245090195660385
29,2023-08-13 23:00:00+00:00,2023-11-05 23:00:00+00:00,2023-11-05 23:00:00+00:00,2023-11-26 23:00:00+00:00,5.0,288,0.0,1.0,0.6952596424128986,1349,32,-0.006309864732021442,-1.5401560172534736
30,2023-09-03 23:00:00+00:00,2023-11-26 23:00:00+00:00,2023-11-26 23:00:00+00:00,2023-12-17 23:00:00+00:00,5.0,480,0.0005,1.5,3.1658274905537795,1288,26,-0.01972746841260964,-4.325193302565689
31,2023-09-24 23:00:00+00:00,2023-12-17 23:00:00+00:00,2023-12-17 23:00:00+00:00,2024-01-07 23:00:00+00:00,15.0,768,0.0,2.0,3.7036748481330535,1196,23,-0.009250862413007654,-2.415698253867127
32,2023-10-15 23:00:00+00:00,2024-01-07 23:00:00+00:00,2024-01-07 23:00:00+00:00,2024-01-28 23:00:00+00:00,5.0,480,0.0,2.0,4.045249726113026,1364,18,0.025795635484821666,5.449331902482453
33,2023-11-05 23:00:00+00:00,2024-01-28 23:00:00+00:00,2024-01-28 23:00:00+00:00,2024-02-18 23:00:00+00:00,10.0,480,0.001,2.0,4.829875895026287,1288,13,0.00626589122209964,1.589634506431036
34,2023-11-26 23:00:00+00:00,2024-02-18 23:00:00+00:00,2024-02-18 23:00:00+00:00,2024-03-10 23:00:00+00:00,10.0,288,0.001,2.0,4.893693637569008,1276,20,-0.019712706908300848,-3.924763852315183
35,2023-12-17 23:00:00+00:00,2024-03-10 23:00:00+00:00,2024-03-10 23:00:00+00:00,2024-03-31 23:00:00+00:00,5.0,768,0.001,1.0,3.10768038713307,1284,25,0.005371186778137194,1.2575226041681176
36,2024-01-07 23:00:00+00:00,2024-03-31 23:00:00+00:00,2024-03-31 23:00:00+00:00,2024-04-21 23:00:00+00:00,10.0,480,0.0,1.0,2.2151026878245514,1376,33,-0.022524198947114438,-4.236877486611987
37,2024-01-28 23:00:00+00:00,2024-04-21 23:00:00+00:00,2024-04-21 23:00:00+00:00,2024-05-12 23:00:00+00:00,10.0,288,0.0005,1.0,0.7969018018655446,1288,23,0.012393120920936918,3.066905499616725
38,2024-02-18 23:00:00+00:00,2024-05-12 23:00:00+00:00,2024-05-12 23:00:00+00:00,2024-06-02 23:00:00+00:00,15.0,768,0.0005,1.5,0.4539722388916385,1280,27,0.003638394406519696,0.9860247177794041
39,2024-03-10 23:00:00+00:00,2024-06-02 23:00:00+00:00,2024-06-02 23:00:00+00:00,2024-06-23 23:00:00+00:00,15.0,768,0.0005,3.0,1.5985216676743903,1364,20,0.011823198635337429,2.2905862749376706
40,2024-03-31 23:00:00+00:00,2024-06-23 23:00:00+00:00,2024-06-23 23:00:00+00:00,2024-07-14 23:00:00+00:00,5.0,288,0.001,3.0,3.53372744691192,1341,17,-0.00982542813697318,-1.7698982178532516
41,2024-04-21 23:00:00+00:00,2024-07-14 23:00:00+00:00,2024-07-14 23:00:00+00:00,2024-08-04 23:00:00+00:00,5.0,768,0.0005,3.0,4.857182249746905,1288,13,-0.04555004316883415,-6.769532543773289
42,2024-05-12 23:00:00+00:00,2024-08-04 23:00:00+00:00,2024-08-04 23:00:00+00:00,2024-08-25 23:00:00+00:00,5.0,768,0.0005,1.5,1.3307088654299704,1380,13,0.02040371267563068,4.119948248216894
43,2024-06-02 23:00:00+00:00,2024-08-25 23:00:00+00:00,2024-08-25 23:00:00+00:00,2024-09-15 23:00:00+00:00,5.0,288,0.001,1.5,2.689473586614546,1364,8,-0.008518709556308734,-2.1265981341172218
44,2024-06-23 23:00:00+00:00,2024-09-15 23:00:00+00:00,2024-09-15 23:00:00+00:00,2024-10-06 23:00:00+00:00,5.0,768,0.0005,1.0,3.6328864009717967,1288,28,-2.8933050063684185e-05,0.042282748437040295
45,2024-07-14 23:00:00+00:00,2024-10-06 23:00:00+00:00,2024-10-06 23:00:00+00:00,2024-10-27 23:00:00+00:00,5.0,768,0.0005,1.5,3.1642838195430145,1380,27,-0.02615651450694967,-5.781590084296499
46,2024-08-04 23:00:00+00:00,2024-10-27 23:00:00+00:00,2024-10-27 23:00:00+00:00,2024-11-17 23:00:00+00:00,15.0,768,0.001,3.0,2.1911937682723073,1284,18,-0.00018818619773763867,0.007398399875875276
47,2024-08-25 23:00:00+00:00,2024-11-17 23:00:00+00:00,2024-11-17 23:00:00+00:00,2024-12-08 23:00:00+00:00,15.0,480,0.001,3.0,2.8124704765306827,1349,3,0.0016244971673216035,1.1195064712345633
48,2024-09-15 23:00:00+00:00,2024-12-08 23:00:00+00:00,2024-12-08 23:00:00+00:00,2024-12-29 23:00:00+00:00,5.0,480,0.001,3.0,5.650063182760295,1273,9,0.01717150404384138,3.6273167962385022
