fold,train_start,train_end,test_start,test_end,min_gap_pct,stop_gap_frac,target_frac,train_sharpe,test_bars,oos_trades,oos_return,oos_sharpe
1,2022-01-02 23:00:00+00:00,2022-03-27 23:00:00+00:00,2022-03-27 23:00:00+00:00,2022-04-17 23:00:00+00:00,0.013,0.75,1.0,-1.5879872347340134,1288,5,-0.02998442468527529,-5.7890611857379755
2,2022-01-23 23:00:00+00:00,2022-04-17 23:00:00+00:00,2022-04-17 23:00:00+00:00,2022-05-08 23:00:00+00:00,0.009,1.0,1.0,-1.6525983267932882,1380,14,-0.07043065992814135,-8.466083177650155
3,2022-02-13 23:00:00+00:00,2022-05-08 23:00:00+00:00,2022-05-08 23:00:00+00:00,2022-05-29 23:00:00+00:00,0.006,0.75,1.0,-3.556415209950128,1380,14,-0.04896481839094147,-5.370562100005085
4,2022-03-06 23:00:00+00:00,2022-05-29 23:00:00+00:00,2022-05-29 23:00:00+00:00,2022-06-19 23:00:00+00:00,0.006,0.75,1.0,-3.254775599697502,1364,14,-0.02786695336256606,-3.755707738276384
5,2022-03-27 23:00:00+00:00,2022-06-19 23:00:00+00:00,2022-06-19 23:00:00+00:00,2022-07-10 23:00:00+00:00,0.004,0.5,1.0,-4.096334394048461,1348,17,0.038353272987638354,6.2667043051107285
6,2022-04-17 23:00:00+00:00,2022-07-10 23:00:00+00:00,2022-07-10 23:00:00+00:00,2022-07-31 23:00:00+00:00,0.004,0.75,1.0,-0.6473558784071826,1380,21,-0.03198601664700851,-6.996189843431066
7,2022-05-08 23:00:00+00:00,2022-07-31 23:00:00+00:00,2022-07-31 23:00:00+00:00,2022-08-21 23:00:00+00:00,0.006,1.0,1.0,-0.3632399668895101,1380,6,-0.004974081705998223,-0.9609801213755799
8,2022-05-29 23:00:00+00:00,2022-08-21 23:00:00+00:00,2022-08-21 23:00:00+00:00,2022-09-11 23:00:00+00:00,0.006,1.0,1.0,1.5502574765175696,1364,12,-0.029379975578840645,-4.208132608910709
9,2022-06-19 23:00:00+00:00,2022-09-11 23:00:00+00:00,2022-09-11 23:00:00+00:00,2022-10-02 23:00:00+00:00,0.013,1.0,0.75,2.24959031263639,1380,8,-0.0529742886997826,-8.165416405974879
10,2022-07-10 23:00:00+00:00,2022-10-02 23:00:00+00:00,2022-10-02 23:00:00+00:00,2022-10-23 23:00:00+00:00,0.009,1.0,0.75,-0.6332443605701188,1380,12,0.02575810729903938,2.918687582218187
11,2022-07-31 23:00:00+00:00,2022-10-23 23:00:00+00:00,2022-10-23 23:00:00+00:00,2022-11-13 23:00:00+00:00,0.006,0.75,0.75,0.10489824960992469,1376,15,-0.04277634047461143,-5.089285138133338
12,2022-08-21 23:00:00+00:00,2022-11-13 23:00:00+00:00,2022-11-13 23:00:00+00:00,2022-12-04 23:00:00+00:00,0.009,1.0,0.75,-0.6422769972314825,1349,9,0.02972224388635225,5.874229741389793
13,2022-09-11 23:00:00+00:00,2022-12-04 23:00:00+00:00,2022-12-04 23:00:00+00:00,2022-12-25 23:00:00+00:00,0.009,1.0,0.75,1.2145896119523658,1380,12,-0.040121602387907296,-6.83220664990439
14,2022-10-02 23:00:00+00:00,2022-12-25 23:00:00+00:00,2022-12-25 23:00:00+00:00,2023-01-15 23:00:00+00:00,0.009,0.5,0.75,0.20096909682830597,1196,9,0.008419103122789151,1.7006238564411391
15,2022-10-23 23:00:00+00:00,2023-01-15 23:00:00+00:00,2023-01-15 23:00:00+00:00,2023-02-05 23:00:00+00:00,0.009,1.0,0.75,-0.5461131271887445,1272,4,0.00010297171095530189,0.0613751677974194
16,2022-11-13 23:00:00+00:00,2023-02-05 23:00:00+00:00,2023-02-05 23:00:00+00:00,2023-02-26 23:00:00+00:00,0.009,0.5,0.75,0.29886275650912847,1364,12,-0.009606379481273741,-1.8828196254709053
17,2022-12-04 23:00:00+00:00,2023-02-26 23:00:00+00:00,2023-02-26 23:00:00+00:00,2023-03-19 23:00:00+00:00,0.006,0.75,1.0,-1.3402774212432853,1292,10,-0.0072018115418214235,-1.4125302289335164
18,2022-12-25 23:00:00+00:00,2023-03-19 23:00:00+00:00,2023-03-19 23:00:00+00:00,2023-04-09 23:00:00+00:00,0.013,0.75,1.0,1.0171911185506604,1265,2,0.006363884091738159,4.522080310528293
19,2023-01-15 23:00:00+00:00,2023-04-09 23:00:00+00:00,2023-04-09 23:00:00+00:00,2023-04-30 23:00:00+00:00,0.013,0.75,1.0,1.9103447147459447,1376,1,-0.0060644753615761715,-7.619970430743123
20,2023-02-05 23:00:00+00:00,2023-04-30 23:00:00+00:00,2023-04-30 23:00:00+00:00,2023-05-21 23:00:00+00:00,0.009,1.0,1.0,1.4832841618934165,1376,2,0.0064475183040733075,4.203196921093026
21,2023-02-26 23:00:00+00:00,2023-05-21 23:00:00+00:00,2023-05-21 23:00:00+00:00,2023-06-11 23:00:00+00:00,0.009,0.5,0.75,2.498632003999453,1272,6,-0.019627737586019323,-7.957131106492053
22,2023-03-19 23:00:00+00:00,2023-06-11 23:00:00+00:00,2023-06-11 23:00:00+00:00,2023-07-02 23:00:00+00:00,0.006,1.0,1.0,1.3519194043325937,1280,6,-0.010321180301336441,-3.0095333197894867
23,2023-04-09 23:00:00+00:00,2023-07-02 23:00:00+00:00,2023-07-02 23:00:00+00:00,2023-07-23 23:00:00+00:00,0.006,1.0,1.0,0.00345138320379103,1349,4,-0.0029234058097382665,-1.121934069408
24,2023-04-30 23:00:00+00:00,2023-07-23 23:00:00+00:00,2023-07-23 23:00:00+00:00,2023-08-13 23:00:00+00:00,0.013,0.5,0.75,-1.2095150363724663,1288,3,-0.00090438990651176,-0.3882385330760778
25,2023-05-21 23:00:00+00:00,2023-08-13 23:00:00+00:00,2023-08-13 23:00:00+00:00,2023-09-03 23:00:00+00:00,0.013,0.75,0.75,-1.0318504637370134,1288,2,-0.015147579552394874,-7.77607058503194
26,2023-06-11 23:00:00+00:00,2023-09-03 23:00:00+00:00,2023-09-03 23:00:00+00:00,2023-09-24 23:00:00+00:00,0.013,0.75,0.75,-2.0180004064027006,1364,3,-0.010003814120384091,-6.600005490046389
27,2023-07-02 23:00:00+00:00,2023-09-24 23:00:00+00:00,2023-09-24 23:00:00+00:00,2023-10-15 23:00:00+00:00,0.004,0.75,1.0,-2.5484550583223617,1380,16,-0.006715171599288583,-1.2330057170191304
28,2023-07-23 23:00:00+00:00,2023-10-15 23:00:00+00:00,2023-10-15 23:00:00+00:00,2023-11-05 23:00:00+00:00,0.004,0.75,1.0,-2.794276871958733,1284,16,-0.015012374402365025,-3.1090722443154104
29,2023-08-13 23:00:00+00:00,2023-11-05 23:00:00+00:00,2023-11-05 23:00:00+00:00,2023-11-26 23:00:00+00:00,0.013,1.0,0.75,-2.6873774886833965,1349,0,0.0,0.0
30,2023-09-03 23:00:00+00:00,2023-11-26 23:00:00+00:00,2023-11-26 23:00:00+00:00,2023-12-17 23:00:00+00:00,0.009,1.0,0.75,-0.8310810981867747,1288,2,0.007727063249584498,3.87251140915734
31,2023-09-24 23:00:00+00:00,2023-12-17 23:00:00+00:00,2023-12-17 23:00:00+00:00,2024-01-07 23:00:00+00:00,0.013,1.0,0.75,0.9184473375245003,1196,2,-0.007101567672608611,-3.8033255861425457
32,2023-10-15 23:00:00+00:00,2024-01-07 23:00:00+00:00,2024-01-07 23:00:00+00:00,2024-01-28 23:00:00+00:00,0.013,1.0,0.75,1.1667640798703398,1364,1,0.006829964845397107,4.1255851785710895
33,2023-11-05 23:00:00+00:00,2024-01-28 23:00:00+00:00,2024-01-28 23:00:00+00:00,2024-02-18 23:00:00+00:00,0.009,0.75,1.0,2.3720685239125014,1288,3,0.006972473487506292,2.149887793582191
34,2023-11-26 23:00:00+00:00,2024-02-18 23:00:00+00:00,2024-02-18 23:00:00+00:00,2024-03-10 23:00:00+00:00,0.009,0.75,1.0,2.2756259614959924,1276,6,-0.002555242694753268,-0.8571964639964322
35,2023-12-17 23:00:00+00:00,2024-03-10 23:00:00+00:00,2024-03-10 23:00:00+00:00,2024-03-31 23:00:00+00:00,0.009,1.0,1.0,1.1366681064008033,1284,2,0.0024279951073520323,1.9111424054184616
36,2024-01-07 23:00:00+00:00,2024-03-31 23:00:00+00:00,2024-03-31 23:00:00+00:00,2024-04-21 23:00:00+00:00,0.006,1.0,0.75,2.763795513774824,1376,14,-0.05351756793502582,-10.392750103667145
37,2024-01-28 23:00:00+00:00,2024-04-21 23:00:00+00:00,2024-04-21 23:00:00+00:00,2024-05-12 23:00:00+00:00,0.013,0.5,0.75,-1.1381070081700284,1288,1,-0.00429390597545487,-1.0424220874692949
38,2024-02-18 23:00:00+00:00,2024-05-12 23:00:00+00:00,2024-05-12 23:00:00+00:00,2024-06-02 23:00:00+00:00,0.013,0.5,0.75,-1.4113320300643504,1280,0,0.0,0.0
39,2024-03-10 23:00:00+00:00,2024-06-02 23:00:00+00:00,2024-06-02 23:00:00+00:00,2024-06-23 23:00:00+00:00,0.004,0.75,1.0,-1.4351626391364398,1364,7,-0.007919866756992966,-3.313579330977585
40,2024-03-31 23:00:00+00:00,2024-06-23 23:00:00+00:00,2024-06-23 23:00:00+00:00,2024-07-14 23:00:00+00:00,0.013,0.5,0.75,-1.6347090390676133,1341,2,-0.010707234093005003,-5.742929483587111
41,2024-04-21 23:00:00+00:00,2024-07-14 23:00:00+00:00,2024-07-14 23:00:00+00:00,2024-08-04 23:00:00+00:00,0.006,0.75,1.0,-0.3560381439665216,1288,15,-0.05524826040564457,-7.925529569933364
42,2024-05-12 23:00:00+00:00,2024-08-04 23:00:00+00:00,2024-08-04 23:00:00+00:00,2024-08-25 23:00:00+00:00,0.013,1.0,0.75,-1.3427491946502537,1380,4,0.024801030593573303,4.969692972030806
43,2024-06-02 23:00:00+00:00,2024-08-25 23:00:00+00:00,2024-08-25 23:00:00+00:00,2024-09-15 23:00:00+00:00,0.013,1.0,1.0,1.3330909526036587,1364,4,-0.008773827137481871,-2.221295237712758
44,2024-06-23 23:00:00+00:00,2024-09-15 23:00:00+00:00,2024-09-15 23:00:00+00:00,2024-10-06 23:00:00+00:00,0.013,1.0,1.0,0.7316358554139061,1288,1,0.0006579189548066022,0.2825448236188831
45,2024-07-14 23:00:00+00:00,2024-10-06 23:00:00+00:00,2024-10-06 23:00:00+00:00,2024-10-27 23:00:00+00:00,0.013,1.0,1.0,1.2726839723788814,1380,3,-0.003882090577155828,-2.0377168400102237
46,2024-08-04 23:00:00+00:00,2024-10-27 23:00:00+00:00,2024-10-27 23:00:00+00:00,2024-11-17 23:00:00+00:00,0.013,1.0,1.0,1.824872970766171,1284,2,-0.008946625558169274,-3.712508970016495
47,2024-08-25 23:00:00+00:00,2024-11-17 23:00:00+00:00,2024-11-17 23:00:00+00:00,2024-12-08 23:00:00+00:00,0.013,1.0,1.0,-1.866360648381983,1349,1,0.004287790091611399,5.299488834181239
48,2024-09-15 23:00:00+00:00,2024-12-08 23:00:00+00:00,2024-12-08 23:00:00+00:00,2024-12-29 23:00:00+00:00,0.006,0.5,1.0,-0.008114644004515916,1273,7,-0.009161737524103875,-2.582707427207932
