fold,train_start,train_end,test_start,test_end,band_lookback,entry_z,stop_sigma_mult,train_sharpe,test_bars
1,2022-01-02 23:00:00+00:00,2022-06-19 23:00:00+00:00,2022-06-19 23:00:00+00:00,2022-08-14 23:00:00+00:00,30,3.0,2.5,-0.2629310350000995,3648
2,2022-02-27 23:00:00+00:00,2022-08-14 23:00:00+00:00,2022-08-14 23:00:00+00:00,2022-10-09 23:00:00+00:00,20,3.0,2.5,-0.3221307576255762,3664
3,2022-04-24 23:00:00+00:00,2022-10-09 23:00:00+00:00,2022-10-09 23:00:00+00:00,2022-12-04 23:00:00+00:00,20,3.0,2.5,-0.38436111352305125,3645
4,2022-06-19 23:00:00+00:00,2022-12-04 23:00:00+00:00,2022-12-04 23:00:00+00:00,2023-01-29 23:00:00+00:00,60,3.0,2.0,-0.7330828179167626,3480
5,2022-08-14 23:00:00+00:00,2023-01-29 23:00:00+00:00,2023-01-29 23:00:00+00:00,2023-03-26 23:00:00+00:00,60,3.0,2.0,-0.9225002330533848,3668
6,2022-10-09 23:00:00+00:00,2023-03-26 23:00:00+00:00,2023-03-26 23:00:00+00:00,2023-05-21 23:00:00+00:00,30,3.0,1.5,-1.6225361245994352,3649
7,2022-12-04 23:00:00+00:00,2023-05-21 23:00:00+00:00,2023-05-21 23:00:00+00:00,2023-07-16 23:00:00+00:00,40,3.0,1.0,-2.732909207008117,3617
8,2023-01-29 23:00:00+00:00,2023-07-16 23:00:00+00:00,2023-07-16 23:00:00+00:00,2023-09-10 23:00:00+00:00,20,3.0,2.5,-2.426579236847302,3664
9,2023-03-26 23:00:00+00:00,2023-09-10 23:00:00+00:00,2023-09-10 23:00:00+00:00,2023-11-05 23:00:00+00:00,20,3.0,2.0,-1.6145561906764891,3677
10,2023-05-21 23:00:00+00:00,2023-11-05 23:00:00+00:00,2023-11-05 23:00:00+00:00,2023-12-31 23:00:00+00:00,20,3.0,2.0,-0.34562385670732004,3557
11,2023-07-16 23:00:00+00:00,2023-12-31 23:00:00+00:00,2023-12-31 23:00:00+00:00,2024-02-25 23:00:00+00:00,20,3.0,2.5,-1.8562635778428935,3556
12,2023-09-10 23:00:00+00:00,2024-02-25 23:00:00+00:00,2024-02-25 23:00:00+00:00,2024-04-21 23:00:00+00:00,20,2.5,2.0,-1.1379982868456695,3592
13,2023-11-05 23:00:00+00:00,2024-04-21 23:00:00+00:00,2024-04-21 23:00:00+00:00,2024-06-16 23:00:00+00:00,30,3.0,2.5,-0.7361791046879002,3664
14,2023-12-31 23:00:00+00:00,2024-06-16 23:00:00+00:00,2024-06-16 23:00:00+00:00,2024-08-11 23:00:00+00:00,20,3.0,2.5,-1.0271021906741544,3633
15,2024-02-25 23:00:00+00:00,2024-08-11 23:00:00+00:00,2024-08-11 23:00:00+00:00,2024-10-06 23:00:00+00:00,20,3.0,1.0,-1.7677988561417586,3664
16,2024-04-21 23:00:00+00:00,2024-10-06 23:00:00+00:00,2024-10-06 23:00:00+00:00,2024-12-01 23:00:00+00:00,40,3.0,2.0,-1.6323329264718005,3645
17,2024-06-16 23:00:00+00:00,2024-12-01 23:00:00+00:00,2024-12-01 23:00:00+00:00,2025-01-26 23:00:00+00:00,40,3.0,2.0,-1.3406832769302397,3435
18,2024-08-11 23:00:00+00:00,2025-01-26 23:00:00+00:00,2025-01-26 23:00:00+00:00,2025-03-23 23:00:00+00:00,40,3.0,2.0,-3.548623517718769,3668
19,2024-10-06 23:00:00+00:00,2025-03-23 23:00:00+00:00,2025-03-23 23:00:00+00:00,2025-05-18 23:00:00+00:00,20,2.5,2.5,-3.212355654277109,3588
20,2024-12-01 23:00:00+00:00,2025-05-18 23:00:00+00:00,2025-05-18 23:00:00+00:00,2025-07-13 23:00:00+00:00,20,3.0,1.0,-0.2826142777586564,3617
21,2025-01-26 23:00:00+00:00,2025-07-13 23:00:00+00:00,2025-07-13 23:00:00+00:00,2025-09-07 23:00:00+00:00,40,3.0,1.5,0.4761609641579262,3664
22,2025-03-23 23:00:00+00:00,2025-09-07 23:00:00+00:00,2025-09-07 23:00:00+00:00,2025-11-02 23:00:00+00:00,40,3.0,1.5,1.040962045549256,3676
23,2025-05-18 23:00:00+00:00,2025-11-02 23:00:00+00:00,2025-11-02 23:00:00+00:00,2025-12-28 23:00:00+00:00,40,3.0,2.5,-1.7532882459536594,3499
