fold,train_start,train_end,test_start,test_end,hurst_window,drift_lookback,h_threshold,train_sharpe,test_bars,oos_trades,oos_return,oos_sharpe
1,2022-01-02 23:00:00+00:00,2022-03-27 23:00:00+00:00,2022-03-27 23:00:00+00:00,2022-04-17 23:00:00+00:00,768,96,0.55,3.225963474773532,1288,0,0.0,0.0
2,2022-01-23 23:00:00+00:00,2022-04-17 23:00:00+00:00,2022-04-17 23:00:00+00:00,2022-05-08 23:00:00+00:00,768,96,0.55,3.2485248659734793,1380,0,0.0,0.0
3,2022-02-13 23:00:00+00:00,2022-05-08 23:00:00+00:00,2022-05-08 23:00:00+00:00,2022-05-29 23:00:00+00:00,768,96,0.55,3.2485248659734793,1380,1,0.007927046382354419,7.590845412541952
4,2022-03-06 23:00:00+00:00,2022-05-29 23:00:00+00:00,2022-05-29 23:00:00+00:00,2022-06-19 23:00:00+00:00,768,96,0.55,3.8235320808453825,1364,1,0.003856974051061224,4.133549360603286
5,2022-03-27 23:00:00+00:00,2022-06-19 23:00:00+00:00,2022-06-19 23:00:00+00:00,2022-07-10 23:00:00+00:00,768,96,0.55,4.235812263332003,1348,0,0.0,0.0
6,2022-04-17 23:00:00+00:00,2022-07-10 23:00:00+00:00,2022-07-10 23:00:00+00:00,2022-07-31 23:00:00+00:00,768,96,0.55,4.212511990097393,1380,0,0.0,0.0
7,2022-05-08 23:00:00+00:00,2022-07-31 23:00:00+00:00,2022-07-31 23:00:00+00:00,2022-08-21 23:00:00+00:00,768,96,0.55,4.212511990097393,1380,0,0.0,0.0
8,2022-05-29 23:00:00+00:00,2022-08-21 23:00:00+00:00,2022-08-21 23:00:00+00:00,2022-09-11 23:00:00+00:00,768,96,0.5,4.673816830656851,1364,20,-0.02800054014905662,-2.9311316841622412
9,2022-06-19 23:00:00+00:00,2022-09-11 23:00:00+00:00,2022-09-11 23:00:00+00:00,2022-10-02 23:00:00+00:00,768,192,0.5,5.233755527689604,1380,12,-0.03499352801139133,-3.5154737822501985
10,2022-07-10 23:00:00+00:00,2022-10-02 23:00:00+00:00,2022-10-02 23:00:00+00:00,2022-10-23 23:00:00+00:00,768,384,0.55,3.1243108557305215,1380,0,0.0,0.0
11,2022-07-31 23:00:00+00:00,2022-10-23 23:00:00+00:00,2022-10-23 23:00:00+00:00,2022-11-13 23:00:00+00:00,768,384,0.55,3.1243108557305215,1376,0,0.0,0.0
12,2022-08-21 23:00:00+00:00,2022-11-13 23:00:00+00:00,2022-11-13 23:00:00+00:00,2022-12-04 23:00:00+00:00,1152,192,0.5,2.3913050271862764,1349,25,-0.008486957519861171,-0.9077555762411929
13,2022-09-11 23:00:00+00:00,2022-12-04 23:00:00+00:00,2022-12-04 23:00:00+00:00,2022-12-25 23:00:00+00:00,1152,192,0.5,1.4523610468735904,1380,19,-0.014566860078489507,-1.496645521540797
14,2022-10-02 23:00:00+00:00,2022-12-25 23:00:00+00:00,2022-12-25 23:00:00+00:00,2023-01-15 23:00:00+00:00,384,96,0.5,2.214162077390308,1196,16,-0.014015188671739787,-1.951173163217261
15,2022-10-23 23:00:00+00:00,2023-01-15 23:00:00+00:00,2023-01-15 23:00:00+00:00,2023-02-05 23:00:00+00:00,384,96,0.5,0.21133598209344473,1272,19,0.040263420636512004,5.019111655918978
16,2022-11-13 23:00:00+00:00,2023-02-05 23:00:00+00:00,2023-02-05 23:00:00+00:00,2023-02-26 23:00:00+00:00,384,384,0.5,1.1200381248184852,1364,8,0.006261733635509303,1.0436360389596153
17,2022-12-04 23:00:00+00:00,2023-02-26 23:00:00+00:00,2023-02-26 23:00:00+00:00,2023-03-19 23:00:00+00:00,384,384,0.5,2.534104148438699,1292,12,-0.025569091550980638,-4.440292150577917
18,2022-12-25 23:00:00+00:00,2023-03-19 23:00:00+00:00,2023-03-19 23:00:00+00:00,2023-04-09 23:00:00+00:00,384,384,0.55,2.0485573581183063,1265,0,0.0,0.0
19,2023-01-15 23:00:00+00:00,2023-04-09 23:00:00+00:00,2023-04-09 23:00:00+00:00,2023-04-30 23:00:00+00:00,384,384,0.5,2.307011261889962,1376,6,0.0034208971751292783,0.9544649894215271
20,2023-02-05 23:00:00+00:00,2023-04-30 23:00:00+00:00,2023-04-30 23:00:00+00:00,2023-05-21 23:00:00+00:00,384,96,0.55,2.0735410204570544,1376,0,0.0,0.0
21,2023-02-26 23:00:00+00:00,2023-05-21 23:00:00+00:00,2023-05-21 23:00:00+00:00,2023-06-11 23:00:00+00:00,1152,384,0.5,-0.06605117901520761,1272,23,-0.019249018275786067,-3.232349919410642
22,2023-03-19 23:00:00+00:00,2023-06-11 23:00:00+00:00,2023-06-11 23:00:00+00:00,2023-07-02 23:00:00+00:00,384,96,0.6,3.198380026442609,1280,0,0.0,0.0
23,2023-04-09 23:00:00+00:00,2023-07-02 23:00:00+00:00,2023-07-02 23:00:00+00:00,2023-07-23 23:00:00+00:00,384,96,0.6,3.193853089143405,1349,0,0.0,0.0
24,2023-04-30 23:00:00+00:00,2023-07-23 23:00:00+00:00,2023-07-23 23:00:00+00:00,2023-08-13 23:00:00+00:00,384,96,0.6,3.2020154686101825,1288,0,0.0,0.0
25,2023-05-21 23:00:00+00:00,2023-08-13 23:00:00+00:00,2023-08-13 23:00:00+00:00,2023-09-03 23:00:00+00:00,384,96,0.6,3.2290596538647662,1288,3,0.012653849478939216,4.0356930937561
26,2023-06-11 23:00:00+00:00,2023-09-03 23:00:00+00:00,2023-09-03 23:00:00+00:00,2023-09-24 23:00:00+00:00,384,96,0.55,3.240031581483759,1364,12,-0.01986015468122082,-6.312796438479808
27,2023-07-02 23:00:00+00:00,2023-09-24 23:00:00+00:00,2023-09-24 23:00:00+00:00,2023-10-15 23:00:00+00:00,1152,192,0.5,2.088446290006671,1380,2,0.00021480556896658065,0.12957342055208762
28,2023-07-23 23:00:00+00:00,2023-10-15 23:00:00+00:00,2023-10-15 23:00:00+00:00,2023-11-05 23:00:00+00:00,384,96,0.6,1.985785845910368,1284,0,0.0,0.0
29,2023-08-13 23:00:00+00:00,2023-11-05 23:00:00+00:00,2023-11-05 23:00:00+00:00,2023-11-26 23:00:00+00:00,768,192,0.5,2.4459816444675595,1349,23,0.0023765548178356077,0.554374053548228
30,2023-09-03 23:00:00+00:00,2023-11-26 23:00:00+00:00,2023-11-26 23:00:00+00:00,2023-12-17 23:00:00+00:00,768,384,0.5,2.840191796070313,1288,3,0.00022463580644727088,0.11939413368195316
31,2023-09-24 23:00:00+00:00,2023-12-17 23:00:00+00:00,2023-12-17 23:00:00+00:00,2024-01-07 23:00:00+00:00,384,384,0.5,2.564502099283865,1196,7,0.009174076447749036,3.219403376161879
32,2023-10-15 23:00:00+00:00,2024-01-07 23:00:00+00:00,2024-01-07 23:00:00+00:00,2024-01-28 23:00:00+00:00,384,384,0.5,3.6996202419183235,1364,10,0.012563157362720512,2.983718296296266
33,2023-11-05 23:00:00+00:00,2024-01-28 23:00:00+00:00,2024-01-28 23:00:00+00:00,2024-02-18 23:00:00+00:00,384,384,0.5,3.6755733680908906,1288,14,-0.015525618743149394,-4.084689729187439
34,2023-11-26 23:00:00+00:00,2024-02-18 23:00:00+00:00,2024-02-18 23:00:00+00:00,2024-03-10 23:00:00+00:00,384,96,0.55,2.594267121156491,1276,19,-0.010986511376330443,-2.9208248570266093
35,2023-12-17 23:00:00+00:00,2024-03-10 23:00:00+00:00,2024-03-10 23:00:00+00:00,2024-03-31 23:00:00+00:00,1152,96,0.55,1.6841903984887605,1284,0,0.0,0.0
36,2024-01-07 23:00:00+00:00,2024-03-31 23:00:00+00:00,2024-03-31 23:00:00+00:00,2024-04-21 23:00:00+00:00,1152,96,0.55,1.6699128674017911,1376,8,-0.0055658741779787135,-2.279729820499522
37,2024-01-28 23:00:00+00:00,2024-04-21 23:00:00+00:00,2024-04-21 23:00:00+00:00,2024-05-12 23:00:00+00:00,768,96,0.5,1.6464894978581408,1288,13,-0.009960985811273027,-1.717272462652513
38,2024-02-18 23:00:00+00:00,2024-05-12 23:00:00+00:00,2024-05-12 23:00:00+00:00,2024-06-02 23:00:00+00:00,1152,192,0.55,1.4600394182350762,1280,0,0.0,0.0
39,2024-03-10 23:00:00+00:00,2024-06-02 23:00:00+00:00,2024-06-02 23:00:00+00:00,2024-06-23 23:00:00+00:00,1152,192,0.55,0.7843763165739512,1364,0,0.0,0.0
40,2024-03-31 23:00:00+00:00,2024-06-23 23:00:00+00:00,2024-06-23 23:00:00+00:00,2024-07-14 23:00:00+00:00,1152,192,0.55,1.286839393833235,1341,0,0.0,0.0
41,2024-04-21 23:00:00+00:00,2024-07-14 23:00:00+00:00,2024-07-14 23:00:00+00:00,2024-08-04 23:00:00+00:00,1152,192,0.5,0.07621055086936458,1288,16,0.017546660167949923,2.3328578630826233
42,2024-05-12 23:00:00+00:00,2024-08-04 23:00:00+00:00,2024-08-04 23:00:00+00:00,2024-08-25 23:00:00+00:00,1152,96,0.55,3.275595242436319,1380,1,0.002838161197256328,3.4753629429782373
43,2024-06-02 23:00:00+00:00,2024-08-25 23:00:00+00:00,2024-08-25 23:00:00+00:00,2024-09-15 23:00:00+00:00,1152,96,0.55,3.532052788637392,1364,0,0.0,0.0
44,2024-06-23 23:00:00+00:00,2024-09-15 23:00:00+00:00,2024-09-15 23:00:00+00:00,2024-10-06 23:00:00+00:00,1152,96,0.55,3.532052788637392,1288,0,0.0,0.0
45,2024-07-14 23:00:00+00:00,2024-10-06 23:00:00+00:00,2024-10-06 23:00:00+00:00,2024-10-27 23:00:00+00:00,768,384,0.5,2.879605644192579,1380,1,-0.001733749917432359,-5.851550796728585
46,2024-08-04 23:00:00+00:00,2024-10-27 23:00:00+00:00,2024-10-27 23:00:00+00:00,2024-11-17 23:00:00+00:00,384,192,0.5,4.629134878923515,1284,14,0.015597204683764465,4.110498875380648
47,2024-08-25 23:00:00+00:00,2024-11-17 23:00:00+00:00,2024-11-17 23:00:00+00:00,2024-12-08 23:00:00+00:00,384,192,0.5,3.5849367972805384,1349,12,0.009046345892807617,2.4176579336687785
48,2024-09-15 23:00:00+00:00,2024-12-08 23:00:00+00:00,2024-12-08 23:00:00+00:00,2024-12-29 23:00:00+00:00,768,192,0.5,2.692202027113848,1273,30,0.020859326780063858,2.827178923191019
