fold,train_start,train_end,test_start,test_end,trend_lookback,skip_period,train_sharpe,test_bars,oos_trades,oos_return,oos_sharpe
1,2022-01-02 23:00:00+00:00,2022-03-27 23:00:00+00:00,2022-03-27 23:00:00+00:00,2022-04-17 23:00:00+00:00,720,24,2.28970520240608,1288,12,-0.00791395274591189,-0.8687636352533701
2,2022-01-23 23:00:00+00:00,2022-04-17 23:00:00+00:00,2022-04-17 23:00:00+00:00,2022-05-08 23:00:00+00:00,480,24,2.8989741063971355,1380,11,-0.08654862203052738,-6.419584884754057
3,2022-02-13 23:00:00+00:00,2022-05-08 23:00:00+00:00,2022-05-08 23:00:00+00:00,2022-05-29 23:00:00+00:00,480,0,2.1058289148032747,1380,13,0.08166058040063517,5.536156079580519
4,2022-03-06 23:00:00+00:00,2022-05-29 23:00:00+00:00,2022-05-29 23:00:00+00:00,2022-06-19 23:00:00+00:00,480,0,4.379671931004074,1364,17,0.017762822959653812,1.5070458248109075
5,2022-03-27 23:00:00+00:00,2022-06-19 23:00:00+00:00,2022-06-19 23:00:00+00:00,2022-07-10 23:00:00+00:00,480,0,3.547496520265309,1348,15,-0.06824371402968055,-6.6966706924879205
6,2022-04-17 23:00:00+00:00,2022-07-10 23:00:00+00:00,2022-07-10 23:00:00+00:00,2022-07-31 23:00:00+00:00,480,0,1.2106103901869845,1380,19,-0.028875393867990096,-3.017241235613864
7,2022-05-08 23:00:00+00:00,2022-07-31 23:00:00+00:00,2022-07-31 23:00:00+00:00,2022-08-21 23:00:00+00:00,720,0,1.9717033490789524,1380,11,0.012137421987636232,1.562842900709471
8,2022-05-29 23:00:00+00:00,2022-08-21 23:00:00+00:00,2022-08-21 23:00:00+00:00,2022-09-11 23:00:00+00:00,720,0,2.352171238387328,1364,12,0.06373079844727414,6.071078732743059
9,2022-06-19 23:00:00+00:00,2022-09-11 23:00:00+00:00,2022-09-11 23:00:00+00:00,2022-10-02 23:00:00+00:00,720,0,3.297802208985088,1380,16,0.003711132000654427,0.385556081210166
10,2022-07-10 23:00:00+00:00,2022-10-02 23:00:00+00:00,2022-10-02 23:00:00+00:00,2022-10-23 23:00:00+00:00,480,0,3.4549045601149375,1380,15,-0.05237644469126701,-3.982285333225707
11,2022-07-31 23:00:00+00:00,2022-10-23 23:00:00+00:00,2022-10-23 23:00:00+00:00,2022-11-13 23:00:00+00:00,480,0,1.0327593005689188,1376,14,0.09077857811005918,6.959101393767405
12,2022-08-21 23:00:00+00:00,2022-11-13 23:00:00+00:00,2022-11-13 23:00:00+00:00,2022-12-04 23:00:00+00:00,480,0,2.1482916057435912,1349,14,-0.024436879740400985,-2.699907478771209
13,2022-09-11 23:00:00+00:00,2022-12-04 23:00:00+00:00,2022-12-04 23:00:00+00:00,2022-12-25 23:00:00+00:00,480,0,0.7895393034990655,1380,13,-0.05714906478858284,-5.282184281846514
14,2022-10-02 23:00:00+00:00,2022-12-25 23:00:00+00:00,2022-12-25 23:00:00+00:00,2023-01-15 23:00:00+00:00,960,0,-0.7405647434033288,1196,12,-0.008118966310079134,-0.8626997138235459
15,2022-10-23 23:00:00+00:00,2023-01-15 23:00:00+00:00,2023-01-15 23:00:00+00:00,2023-02-05 23:00:00+00:00,720,0,0.6262644533866734,1272,13,0.038000500004809146,4.2618186914866065
16,2022-11-13 23:00:00+00:00,2023-02-05 23:00:00+00:00,2023-02-05 23:00:00+00:00,2023-02-26 23:00:00+00:00,720,0,0.8918474881291257,1364,13,-0.02239392302692389,-2.836913209362271
17,2022-12-04 23:00:00+00:00,2023-02-26 23:00:00+00:00,2023-02-26 23:00:00+00:00,2023-03-19 23:00:00+00:00,1440,0,2.7875249910652276,1292,13,-0.027414398392237804,-2.6905431122190935
18,2022-12-25 23:00:00+00:00,2023-03-19 23:00:00+00:00,2023-03-19 23:00:00+00:00,2023-04-09 23:00:00+00:00,960,96,2.2530991765255717,1265,10,0.0030234227781804623,0.47866644244274154
19,2023-01-15 23:00:00+00:00,2023-04-09 23:00:00+00:00,2023-04-09 23:00:00+00:00,2023-04-30 23:00:00+00:00,960,96,1.5363944154965103,1376,16,-0.004971724163340019,-0.7831733377251988
20,2023-02-05 23:00:00+00:00,2023-04-30 23:00:00+00:00,2023-04-30 23:00:00+00:00,2023-05-21 23:00:00+00:00,960,96,0.40108639649762307,1376,15,-0.003560692283129163,-0.551044674267766
21,2023-02-26 23:00:00+00:00,2023-05-21 23:00:00+00:00,2023-05-21 23:00:00+00:00,2023-06-11 23:00:00+00:00,960,24,1.9417880378181867,1272,12,-0.011658775947118394,-2.12613010746686
22,2023-03-19 23:00:00+00:00,2023-06-11 23:00:00+00:00,2023-06-11 23:00:00+00:00,2023-07-02 23:00:00+00:00,480,96,0.09923139230278795,1280,10,-0.004820365079189259,-0.8090875760467797
23,2023-04-09 23:00:00+00:00,2023-07-02 23:00:00+00:00,2023-07-02 23:00:00+00:00,2023-07-23 23:00:00+00:00,960,24,1.646656846403811,1349,13,-0.009333103826499656,-1.8038768945605654
24,2023-04-30 23:00:00+00:00,2023-07-23 23:00:00+00:00,2023-07-23 23:00:00+00:00,2023-08-13 23:00:00+00:00,480,24,0.9364428401340259,1288,12,0.01193992001780253,2.138179695277047
25,2023-05-21 23:00:00+00:00,2023-08-13 23:00:00+00:00,2023-08-13 23:00:00+00:00,2023-09-03 23:00:00+00:00,480,24,0.17611694381442763,1288,10,-0.005591254434520354,-0.9043045714288956
26,2023-06-11 23:00:00+00:00,2023-09-03 23:00:00+00:00,2023-09-03 23:00:00+00:00,2023-09-24 23:00:00+00:00,480,24,0.20399749794323788,1364,15,0.008960278484761997,1.7367331212999384
27,2023-07-02 23:00:00+00:00,2023-09-24 23:00:00+00:00,2023-09-24 23:00:00+00:00,2023-10-15 23:00:00+00:00,480,24,1.5592542695765508,1380,17,-0.060615811689176735,-7.314094398287872
28,2023-07-23 23:00:00+00:00,2023-10-15 23:00:00+00:00,2023-10-15 23:00:00+00:00,2023-11-05 23:00:00+00:00,960,0,0.29888463159034084,1284,9,0.02169490316976641,3.4305328005954583
29,2023-08-13 23:00:00+00:00,2023-11-05 23:00:00+00:00,2023-11-05 23:00:00+00:00,2023-11-26 23:00:00+00:00,480,96,1.2075395627359615,1349,14,0.00236118913812855,0.5137685853906263
30,2023-09-03 23:00:00+00:00,2023-11-26 23:00:00+00:00,2023-11-26 23:00:00+00:00,2023-12-17 23:00:00+00:00,720,0,1.8230394582489726,1288,16,-0.024763315506092676,-4.520754979521462
31,2023-09-24 23:00:00+00:00,2023-12-17 23:00:00+00:00,2023-12-17 23:00:00+00:00,2024-01-07 23:00:00+00:00,720,24,1.958815234919954,1196,11,-0.01156021451546807,-2.5789670670348332
32,2023-10-15 23:00:00+00:00,2024-01-07 23:00:00+00:00,2024-01-07 23:00:00+00:00,2024-01-28 23:00:00+00:00,480,96,1.2456595939822337,1364,13,-0.015119152750927789,-2.9060633387824932
33,2023-11-05 23:00:00+00:00,2024-01-28 23:00:00+00:00,2024-01-28 23:00:00+00:00,2024-02-18 23:00:00+00:00,720,24,-0.6086533390896481,1288,12,-0.02327121671927057,-4.569567977325286
34,2023-11-26 23:00:00+00:00,2024-02-18 23:00:00+00:00,2024-02-18 23:00:00+00:00,2024-03-10 23:00:00+00:00,720,48,-1.0249536000255486,1276,11,-0.04663717832434733,-9.330390390137312
35,2023-12-17 23:00:00+00:00,2024-03-10 23:00:00+00:00,2024-03-10 23:00:00+00:00,2024-03-31 23:00:00+00:00,1440,96,-1.2924544513221587,1284,14,-0.006533709247145136,-1.135662361642883
36,2024-01-07 23:00:00+00:00,2024-03-31 23:00:00+00:00,2024-03-31 23:00:00+00:00,2024-04-21 23:00:00+00:00,1440,96,-1.0211919891525314,1376,15,0.026777313900576916,3.7886759349979915
37,2024-01-28 23:00:00+00:00,2024-04-21 23:00:00+00:00,2024-04-21 23:00:00+00:00,2024-05-12 23:00:00+00:00,1440,48,0.6445131230895527,1288,9,-0.01879473201502757,-3.382238262279423
38,2024-02-18 23:00:00+00:00,2024-05-12 23:00:00+00:00,2024-05-12 23:00:00+00:00,2024-06-02 23:00:00+00:00,1440,0,0.7224917119486575,1280,13,0.004486196936277942,1.0292825963861036
39,2024-03-10 23:00:00+00:00,2024-06-02 23:00:00+00:00,2024-06-02 23:00:00+00:00,2024-06-23 23:00:00+00:00,960,96,2.3082190994247105,1364,16,-0.014065270838882649,-2.4098435932366358
40,2024-03-31 23:00:00+00:00,2024-06-23 23:00:00+00:00,2024-06-23 23:00:00+00:00,2024-07-14 23:00:00+00:00,480,24,1.5457034193599861,1341,14,-0.03586671113687756,-6.242282122075232
41,2024-04-21 23:00:00+00:00,2024-07-14 23:00:00+00:00,2024-07-14 23:00:00+00:00,2024-08-04 23:00:00+00:00,960,48,0.3910142156502889,1288,12,0.05403952924568278,5.977397479986793
42,2024-05-12 23:00:00+00:00,2024-08-04 23:00:00+00:00,2024-08-04 23:00:00+00:00,2024-08-25 23:00:00+00:00,1440,96,2.599228560361324,1380,10,-0.037985367374496315,-3.735305274007948
43,2024-06-02 23:00:00+00:00,2024-08-25 23:00:00+00:00,2024-08-25 23:00:00+00:00,2024-09-15 23:00:00+00:00,480,96,1.6862179555435428,1364,15,-0.00762786711399277,-0.9373206173389399
44,2024-06-23 23:00:00+00:00,2024-09-15 23:00:00+00:00,2024-09-15 23:00:00+00:00,2024-10-06 23:00:00+00:00,480,24,1.645520657172753,1288,13,-0.0312991614283924,-5.055716463373053
45,2024-07-14 23:00:00+00:00,2024-10-06 23:00:00+00:00,2024-10-06 23:00:00+00:00,2024-10-27 23:00:00+00:00,480,24,0.7452020603229979,1380,15,-0.03856864658150039,-7.058670051294412
46,2024-08-04 23:00:00+00:00,2024-10-27 23:00:00+00:00,2024-10-27 23:00:00+00:00,2024-11-17 23:00:00+00:00,480,96,-1.1286342451054263,1284,14,-0.02540324797663618,-5.532132666642831
47,2024-08-25 23:00:00+00:00,2024-11-17 23:00:00+00:00,2024-11-17 23:00:00+00:00,2024-12-08 23:00:00+00:00,480,0,-1.2425842488268966,1349,15,-0.031687911622709564,-5.422223658872594
48,2024-09-15 23:00:00+00:00,2024-12-08 23:00:00+00:00,2024-12-08 23:00:00+00:00,2024-12-29 23:00:00+00:00,960,48,-0.36791838853720393,1273,11,-0.04551668995131031,-6.512690900038292
