fold,train_start,train_end,test_start,test_end,kf_noise_ratio,min_slope,train_sharpe,test_bars,oos_trades,oos_return,oos_sharpe
1,2022-01-02 23:00:00+00:00,2022-03-27 23:00:00+00:00,2022-03-27 23:00:00+00:00,2022-04-17 23:00:00+00:00,0.1,0.5,2.1241680526236255,1288,5,-0.0031900729418685714,-1.1233066827882163
2,2022-01-23 23:00:00+00:00,2022-04-17 23:00:00+00:00,2022-04-17 23:00:00+00:00,2022-05-08 23:00:00+00:00,0.5,0.5,2.8953974361129733,1380,24,-0.036939001811382655,-4.270425175037136
3,2022-02-13 23:00:00+00:00,2022-05-08 23:00:00+00:00,2022-05-08 23:00:00+00:00,2022-05-29 23:00:00+00:00,0.5,2.0,3.6548716065392326,1380,0,0.0,0.0
4,2022-03-06 23:00:00+00:00,2022-05-29 23:00:00+00:00,2022-05-29 23:00:00+00:00,2022-06-19 23:00:00+00:00,0.5,2.0,3.649482805187224,1364,0,0.0,0.0
5,2022-03-27 23:00:00+00:00,2022-06-19 23:00:00+00:00,2022-06-19 23:00:00+00:00,2022-07-10 23:00:00+00:00,0.5,2.0,3.509981077601136,1348,3,0.002653799109309185,1.1313412661246447
6,2022-04-17 23:00:00+00:00,2022-07-10 23:00:00+00:00,2022-07-10 23:00:00+00:00,2022-07-31 23:00:00+00:00,0.5,2.0,1.751099660303828,1380,1,-0.0032031899136565345,-2.3959307212404792
7,2022-05-08 23:00:00+00:00,2022-07-31 23:00:00+00:00,2022-07-31 23:00:00+00:00,2022-08-21 23:00:00+00:00,0.5,0.25,1.480746285338665,1380,34,0.0016081210207328223,0.30871763404265945
8,2022-05-29 23:00:00+00:00,2022-08-21 23:00:00+00:00,2022-08-21 23:00:00+00:00,2022-09-11 23:00:00+00:00,0.05,0.25,1.6478889593371011,1364,7,-0.011578401576438635,-1.8692542495747253
9,2022-06-19 23:00:00+00:00,2022-09-11 23:00:00+00:00,2022-09-11 23:00:00+00:00,2022-10-02 23:00:00+00:00,0.5,0.25,2.751105323144181,1380,33,-0.04645853003819034,-5.255766617134663
10,2022-07-10 23:00:00+00:00,2022-10-02 23:00:00+00:00,2022-10-02 23:00:00+00:00,2022-10-23 23:00:00+00:00,0.05,0.25,1.4257147150638638,1380,9,-0.0062511659563967426,-0.802560278524901
11,2022-07-31 23:00:00+00:00,2022-10-23 23:00:00+00:00,2022-10-23 23:00:00+00:00,2022-11-13 23:00:00+00:00,0.01,0.25,0.2603202319863437,1376,0,0.0,0.0
12,2022-08-21 23:00:00+00:00,2022-11-13 23:00:00+00:00,2022-11-13 23:00:00+00:00,2022-12-04 23:00:00+00:00,0.05,0.5,2.564550529556602,1349,0,0.0,0.0
13,2022-09-11 23:00:00+00:00,2022-12-04 23:00:00+00:00,2022-12-04 23:00:00+00:00,2022-12-25 23:00:00+00:00,0.05,0.5,3.6617940334328574,1380,0,0.0,0.0
14,2022-10-02 23:00:00+00:00,2022-12-25 23:00:00+00:00,2022-12-25 23:00:00+00:00,2023-01-15 23:00:00+00:00,0.05,0.5,3.4145273873132536,1196,2,-0.0016929448657893031,-0.7152970715495272
15,2022-10-23 23:00:00+00:00,2023-01-15 23:00:00+00:00,2023-01-15 23:00:00+00:00,2023-02-05 23:00:00+00:00,0.05,0.5,1.9256233794997573,1272,2,0.007174403509006222,3.5732012433521607
16,2022-11-13 23:00:00+00:00,2023-02-05 23:00:00+00:00,2023-02-05 23:00:00+00:00,2023-02-26 23:00:00+00:00,0.1,0.25,4.29762474382964,1364,11,0.016712963434438732,3.0321081300792647
17,2022-12-04 23:00:00+00:00,2023-02-26 23:00:00+00:00,2023-02-26 23:00:00+00:00,2023-03-19 23:00:00+00:00,0.1,0.25,3.8749222193457316,1292,12,0.03674743603195574,6.449151985590251
18,2022-12-25 23:00:00+00:00,2023-03-19 23:00:00+00:00,2023-03-19 23:00:00+00:00,2023-04-09 23:00:00+00:00,0.1,0.25,6.496490743835577,1265,16,-0.011396345372399086,-2.368909859408877
19,2023-01-15 23:00:00+00:00,2023-04-09 23:00:00+00:00,2023-04-09 23:00:00+00:00,2023-04-30 23:00:00+00:00,0.5,0.25,4.737949545240764,1376,29,0.01973966221553214,4.848777311865218
20,2023-02-05 23:00:00+00:00,2023-04-30 23:00:00+00:00,2023-04-30 23:00:00+00:00,2023-05-21 23:00:00+00:00,0.5,0.25,3.237238403273738,1376,31,0.009975219205337282,2.293930428557358
21,2023-02-26 23:00:00+00:00,2023-05-21 23:00:00+00:00,2023-05-21 23:00:00+00:00,2023-06-11 23:00:00+00:00,0.5,0.25,4.019743090976434,1272,28,-0.0032221185265468577,-0.6989572013122951
22,2023-03-19 23:00:00+00:00,2023-06-11 23:00:00+00:00,2023-06-11 23:00:00+00:00,2023-07-02 23:00:00+00:00,0.2,0.25,3.1876815450919977,1280,21,0.013049086762183748,2.728744454117877
23,2023-04-09 23:00:00+00:00,2023-07-02 23:00:00+00:00,2023-07-02 23:00:00+00:00,2023-07-23 23:00:00+00:00,0.2,0.5,3.7463193445593186,1349,10,0.01823042306581102,6.358438425856362
24,2023-04-30 23:00:00+00:00,2023-07-23 23:00:00+00:00,2023-07-23 23:00:00+00:00,2023-08-13 23:00:00+00:00,0.2,0.5,2.9796161344813457,1288,8,-0.02126822796447503,-8.503908204153907
25,2023-05-21 23:00:00+00:00,2023-08-13 23:00:00+00:00,2023-08-13 23:00:00+00:00,2023-09-03 23:00:00+00:00,0.5,0.25,1.1587294033644757,1288,35,0.0075955313939553015,1.5121523094597984
26,2023-06-11 23:00:00+00:00,2023-09-03 23:00:00+00:00,2023-09-03 23:00:00+00:00,2023-09-24 23:00:00+00:00,0.5,0.25,1.749893718271476,1364,37,-0.04464816887993439,-11.871342241467717
27,2023-07-02 23:00:00+00:00,2023-09-24 23:00:00+00:00,2023-09-24 23:00:00+00:00,2023-10-15 23:00:00+00:00,0.5,2.0,2.1821950041046856,1380,0,0.0,0.0
28,2023-07-23 23:00:00+00:00,2023-10-15 23:00:00+00:00,2023-10-15 23:00:00+00:00,2023-11-05 23:00:00+00:00,0.5,2.0,3.5699326024092475,1284,0,0.0,0.0
29,2023-08-13 23:00:00+00:00,2023-11-05 23:00:00+00:00,2023-11-05 23:00:00+00:00,2023-11-26 23:00:00+00:00,0.5,2.0,3.571275925741796,1349,1,-0.0009485588684843282,-2.9157511149422928
30,2023-09-03 23:00:00+00:00,2023-11-26 23:00:00+00:00,2023-11-26 23:00:00+00:00,2023-12-17 23:00:00+00:00,0.2,1.0,2.2488413723467904,1288,5,-0.0030486349751461805,-1.1690733941894174
31,2023-09-24 23:00:00+00:00,2023-12-17 23:00:00+00:00,2023-12-17 23:00:00+00:00,2024-01-07 23:00:00+00:00,0.1,0.5,1.8227918490161608,1196,5,-0.0034976897780746308,-1.926651644123382
32,2023-10-15 23:00:00+00:00,2024-01-07 23:00:00+00:00,2024-01-07 23:00:00+00:00,2024-01-28 23:00:00+00:00,0.05,0.5,2.5778081351338953,1364,3,0.011603292968416445,9.024928919496661
33,2023-11-05 23:00:00+00:00,2024-01-28 23:00:00+00:00,2024-01-28 23:00:00+00:00,2024-02-18 23:00:00+00:00,0.05,0.5,4.505194198904568,1288,2,-9.278931499934195e-05,-0.11007597400582682
34,2023-11-26 23:00:00+00:00,2024-02-18 23:00:00+00:00,2024-02-18 23:00:00+00:00,2024-03-10 23:00:00+00:00,0.1,0.25,3.1445223709948316,1276,11,-0.008083300713253028,-2.6613538664939704
35,2023-12-17 23:00:00+00:00,2024-03-10 23:00:00+00:00,2024-03-10 23:00:00+00:00,2024-03-31 23:00:00+00:00,0.2,0.5,3.1529290767268168,1284,7,0.004608778604971553,2.313457299153257
36,2024-01-07 23:00:00+00:00,2024-03-31 23:00:00+00:00,2024-03-31 23:00:00+00:00,2024-04-21 23:00:00+00:00,0.05,0.5,4.064341071195824,1376,1,-0.0009714381745213885,-1.5809638315915773
37,2024-01-28 23:00:00+00:00,2024-04-21 23:00:00+00:00,2024-04-21 23:00:00+00:00,2024-05-12 23:00:00+00:00,0.2,0.5,1.488774476442909,1288,12,-0.011751688466165144,-2.47570740678606
38,2024-02-18 23:00:00+00:00,2024-05-12 23:00:00+00:00,2024-05-12 23:00:00+00:00,2024-06-02 23:00:00+00:00,0.5,0.5,1.0559071065965233,1280,20,0.011800937266112976,4.747048585501485
39,2024-03-10 23:00:00+00:00,2024-06-02 23:00:00+00:00,2024-06-02 23:00:00+00:00,2024-06-23 23:00:00+00:00,0.05,0.5,2.6749722704358487,1364,4,0.009715930484996305,5.761784356644699
40,2024-03-31 23:00:00+00:00,2024-06-23 23:00:00+00:00,2024-06-23 23:00:00+00:00,2024-07-14 23:00:00+00:00,0.05,0.5,3.930058401264642,1341,3,0.010219971062959576,7.048946959096701
41,2024-04-21 23:00:00+00:00,2024-07-14 23:00:00+00:00,2024-07-14 23:00:00+00:00,2024-08-04 23:00:00+00:00,0.05,0.5,5.512065224631078,1288,0,0.0,0.0
42,2024-05-12 23:00:00+00:00,2024-08-04 23:00:00+00:00,2024-08-04 23:00:00+00:00,2024-08-25 23:00:00+00:00,0.05,0.5,5.738185053404449,1380,3,0.02218387291939372,8.118238891077187
43,2024-06-02 23:00:00+00:00,2024-08-25 23:00:00+00:00,2024-08-25 23:00:00+00:00,2024-09-15 23:00:00+00:00,0.05,0.5,6.037048590455934,1364,0,0.0,0.0
44,2024-06-23 23:00:00+00:00,2024-09-15 23:00:00+00:00,2024-09-15 23:00:00+00:00,2024-10-06 23:00:00+00:00,0.05,0.5,5.291713645331282,1288,0,0.0,0.0
45,2024-07-14 23:00:00+00:00,2024-10-06 23:00:00+00:00,2024-10-06 23:00:00+00:00,2024-10-27 23:00:00+00:00,0.05,0.5,4.13147497550868,1380,3,-0.004770466233476545,-2.61210410480505
46,2024-08-04 23:00:00+00:00,2024-10-27 23:00:00+00:00,2024-10-27 23:00:00+00:00,2024-11-17 23:00:00+00:00,0.05,0.5,2.666375837588666,1284,1,0.005125437280086409,5.780865771906548
47,2024-08-25 23:00:00+00:00,2024-11-17 23:00:00+00:00,2024-11-17 23:00:00+00:00,2024-12-08 23:00:00+00:00,0.5,1.0,2.383640204836781,1349,8,0.003665451419669452,2.0955618117157173
48,2024-09-15 23:00:00+00:00,2024-12-08 23:00:00+00:00,2024-12-08 23:00:00+00:00,2024-12-29 23:00:00+00:00,0.2,1.0,1.5511979869871315,1273,2,0.017057832073260393,6.772758502909784
