fold,train_start,train_end,test_start,test_end,trend_ma,dip_lookback,dip_frac,train_sharpe,test_bars,oos_trades,oos_return,oos_sharpe
1,2022-01-02 23:00:00+00:00,2022-03-27 23:00:00+00:00,2022-03-27 23:00:00+00:00,2022-04-17 23:00:00+00:00,1920,96,0.5,1.9875103850705698,1288,9,-0.00315447822099868,-0.41407005673491315
2,2022-01-23 23:00:00+00:00,2022-04-17 23:00:00+00:00,2022-04-17 23:00:00+00:00,2022-05-08 23:00:00+00:00,1440,288,0.5,3.4451284895590497,1380,0,0.0,0.0
3,2022-02-13 23:00:00+00:00,2022-05-08 23:00:00+00:00,2022-05-08 23:00:00+00:00,2022-05-29 23:00:00+00:00,1440,288,0.5,3.4142658519859306,1380,0,0.0,0.0
4,2022-03-06 23:00:00+00:00,2022-05-29 23:00:00+00:00,2022-05-29 23:00:00+00:00,2022-06-19 23:00:00+00:00,960,288,0.5,3.4092321720458743,1364,8,-0.003280167513938115,-0.29841179702175075
5,2022-03-27 23:00:00+00:00,2022-06-19 23:00:00+00:00,2022-06-19 23:00:00+00:00,2022-07-10 23:00:00+00:00,960,288,0.75,2.8306406937757833,1348,3,-0.03832581711618077,-7.946489876102211
6,2022-04-17 23:00:00+00:00,2022-07-10 23:00:00+00:00,2022-07-10 23:00:00+00:00,2022-07-31 23:00:00+00:00,1920,96,0.5,1.3220716667148529,1380,8,-0.028685073972231967,-4.665670917558619
7,2022-05-08 23:00:00+00:00,2022-07-31 23:00:00+00:00,2022-07-31 23:00:00+00:00,2022-08-21 23:00:00+00:00,1920,288,1.0,0.11068878022465903,1380,4,-0.003118175913324972,-0.7853878287390393
8,2022-05-29 23:00:00+00:00,2022-08-21 23:00:00+00:00,2022-08-21 23:00:00+00:00,2022-09-11 23:00:00+00:00,1920,288,1.0,-0.39121124697485893,1364,0,0.0,0.0
9,2022-06-19 23:00:00+00:00,2022-09-11 23:00:00+00:00,2022-09-11 23:00:00+00:00,2022-10-02 23:00:00+00:00,1920,288,1.0,0.7561071446051033,1380,0,0.0,0.0
10,2022-07-10 23:00:00+00:00,2022-10-02 23:00:00+00:00,2022-10-02 23:00:00+00:00,2022-10-23 23:00:00+00:00,1440,192,1.5,1.5593960837678116,1380,0,0.0,0.0
11,2022-07-31 23:00:00+00:00,2022-10-23 23:00:00+00:00,2022-10-23 23:00:00+00:00,2022-11-13 23:00:00+00:00,1920,288,0.5,3.02523973068632,1376,7,-0.026322320873328087,-2.553972956834615
12,2022-08-21 23:00:00+00:00,2022-11-13 23:00:00+00:00,2022-11-13 23:00:00+00:00,2022-12-04 23:00:00+00:00,1440,192,1.0,1.9665097846829838,1349,5,0.007639037553880179,1.61218585153022
13,2022-09-11 23:00:00+00:00,2022-12-04 23:00:00+00:00,2022-12-04 23:00:00+00:00,2022-12-25 23:00:00+00:00,1920,192,1.0,4.227288113402332,1380,4,-0.029437566335527965,-4.838389302586907
14,2022-10-02 23:00:00+00:00,2022-12-25 23:00:00+00:00,2022-12-25 23:00:00+00:00,2023-01-15 23:00:00+00:00,1920,288,1.5,2.6033542671473278,1196,0,0.0,0.0
15,2022-10-23 23:00:00+00:00,2023-01-15 23:00:00+00:00,2023-01-15 23:00:00+00:00,2023-02-05 23:00:00+00:00,1920,288,1.5,2.6481556906698414,1272,1,-0.003389719397223434,-1.5954083436159199
16,2022-11-13 23:00:00+00:00,2023-02-05 23:00:00+00:00,2023-02-05 23:00:00+00:00,2023-02-26 23:00:00+00:00,960,288,0.5,2.492654855856482,1364,7,-0.007251061861746733,-0.8044572527026671
17,2022-12-04 23:00:00+00:00,2023-02-26 23:00:00+00:00,2023-02-26 23:00:00+00:00,2023-03-19 23:00:00+00:00,1440,192,0.75,4.27463966451654,1292,1,-0.010029694891795726,-7.331448501639922
18,2022-12-25 23:00:00+00:00,2023-03-19 23:00:00+00:00,2023-03-19 23:00:00+00:00,2023-04-09 23:00:00+00:00,1440,192,1.0,3.1120244613835237,1265,5,0.027520353091816663,6.794861700782768
19,2023-01-15 23:00:00+00:00,2023-04-09 23:00:00+00:00,2023-04-09 23:00:00+00:00,2023-04-30 23:00:00+00:00,1440,192,1.5,5.15974836764535,1376,0,0.0,0.0
20,2023-02-05 23:00:00+00:00,2023-04-30 23:00:00+00:00,2023-04-30 23:00:00+00:00,2023-05-21 23:00:00+00:00,1440,96,1.0,4.742669995547962,1376,2,0.007354551233958118,5.3233501085200725
21,2023-02-26 23:00:00+00:00,2023-05-21 23:00:00+00:00,2023-05-21 23:00:00+00:00,2023-06-11 23:00:00+00:00,1440,96,1.0,5.314639231480595,1272,4,-0.009371648988189096,-3.2469448192162247
22,2023-03-19 23:00:00+00:00,2023-06-11 23:00:00+00:00,2023-06-11 23:00:00+00:00,2023-07-02 23:00:00+00:00,1440,96,0.75,2.6955385385183406,1280,5,-0.004901751773969121,-1.3769305824791593
23,2023-04-09 23:00:00+00:00,2023-07-02 23:00:00+00:00,2023-07-02 23:00:00+00:00,2023-07-23 23:00:00+00:00,1920,96,0.5,1.6824871169557931,1349,10,-0.009518299656233076,-1.9067127653030949
24,2023-04-30 23:00:00+00:00,2023-07-23 23:00:00+00:00,2023-07-23 23:00:00+00:00,2023-08-13 23:00:00+00:00,1920,96,0.5,0.732063186031644,1288,6,-0.016520268041096742,-3.457959346283086
25,2023-05-21 23:00:00+00:00,2023-08-13 23:00:00+00:00,2023-08-13 23:00:00+00:00,2023-09-03 23:00:00+00:00,1440,96,0.5,-0.09067581400243106,1288,2,-0.021940964337280433,-8.112934737210047
26,2023-06-11 23:00:00+00:00,2023-09-03 23:00:00+00:00,2023-09-03 23:00:00+00:00,2023-09-24 23:00:00+00:00,1440,288,0.75,-1.5760184381987545,1364,8,-0.013528123523637636,-3.116596706160833
27,2023-07-02 23:00:00+00:00,2023-09-24 23:00:00+00:00,2023-09-24 23:00:00+00:00,2023-10-15 23:00:00+00:00,1440,288,1.5,1.1992662135876078,1380,0,0.0,0.0
28,2023-07-23 23:00:00+00:00,2023-10-15 23:00:00+00:00,2023-10-15 23:00:00+00:00,2023-11-05 23:00:00+00:00,960,288,1.5,2.9085383435777685,1284,0,0.0,0.0
29,2023-08-13 23:00:00+00:00,2023-11-05 23:00:00+00:00,2023-11-05 23:00:00+00:00,2023-11-26 23:00:00+00:00,960,288,1.5,2.9096325897356645,1349,0,0.0,0.0
30,2023-09-03 23:00:00+00:00,2023-11-26 23:00:00+00:00,2023-11-26 23:00:00+00:00,2023-12-17 23:00:00+00:00,1440,288,1.5,2.5176273830940343,1288,1,0.004764564722770093,3.2354125038526127
31,2023-09-24 23:00:00+00:00,2023-12-17 23:00:00+00:00,2023-12-17 23:00:00+00:00,2024-01-07 23:00:00+00:00,1440,288,1.5,2.980134483732663,1196,1,0.003431672139876385,4.285875456934917
32,2023-10-15 23:00:00+00:00,2024-01-07 23:00:00+00:00,2024-01-07 23:00:00+00:00,2024-01-28 23:00:00+00:00,1440,192,1.5,2.4316217671301206,1364,0,0.0,0.0
33,2023-11-05 23:00:00+00:00,2024-01-28 23:00:00+00:00,2024-01-28 23:00:00+00:00,2024-02-18 23:00:00+00:00,1440,192,1.5,2.412832495322693,1288,3,0.01081599474717665,3.333405679227346
34,2023-11-26 23:00:00+00:00,2024-02-18 23:00:00+00:00,2024-02-18 23:00:00+00:00,2024-03-10 23:00:00+00:00,960,288,0.75,2.5163323324628766,1276,5,-0.018310809207892076,-5.441085802406733
35,2023-12-17 23:00:00+00:00,2024-03-10 23:00:00+00:00,2024-03-10 23:00:00+00:00,2024-03-31 23:00:00+00:00,1920,96,1.5,0.7905201228315359,1284,0,0.0,0.0
36,2024-01-07 23:00:00+00:00,2024-03-31 23:00:00+00:00,2024-03-31 23:00:00+00:00,2024-04-21 23:00:00+00:00,1920,288,1.0,1.1607070329294686,1376,3,0.0009916419385112007,0.6881177441044537
37,2024-01-28 23:00:00+00:00,2024-04-21 23:00:00+00:00,2024-04-21 23:00:00+00:00,2024-05-12 23:00:00+00:00,1920,288,1.0,0.853925194624823,1288,0,0.0,0.0
38,2024-02-18 23:00:00+00:00,2024-05-12 23:00:00+00:00,2024-05-12 23:00:00+00:00,2024-06-02 23:00:00+00:00,1440,192,1.0,2.2962196320206485,1280,3,-0.008974838188614331,-3.412765555450731
39,2024-03-10 23:00:00+00:00,2024-06-02 23:00:00+00:00,2024-06-02 23:00:00+00:00,2024-06-23 23:00:00+00:00,960,96,0.75,1.5476108907740835,1364,3,-0.0053238962698061165,-2.214650966490817
40,2024-03-31 23:00:00+00:00,2024-06-23 23:00:00+00:00,2024-06-23 23:00:00+00:00,2024-07-14 23:00:00+00:00,1920,192,1.5,0.8530692993948996,1341,4,-0.006467943103944163,-1.6133530690796105
41,2024-04-21 23:00:00+00:00,2024-07-14 23:00:00+00:00,2024-07-14 23:00:00+00:00,2024-08-04 23:00:00+00:00,1440,96,1.5,-0.21132416667183046,1288,0,0.0,0.0
42,2024-05-12 23:00:00+00:00,2024-08-04 23:00:00+00:00,2024-08-04 23:00:00+00:00,2024-08-25 23:00:00+00:00,1440,96,1.5,0.06992478439415567,1380,0,0.0,0.0
43,2024-06-02 23:00:00+00:00,2024-08-25 23:00:00+00:00,2024-08-25 23:00:00+00:00,2024-09-15 23:00:00+00:00,1440,288,1.5,0.2874100894913919,1364,3,0.01160063392366939,3.676575095926696
44,2024-06-23 23:00:00+00:00,2024-09-15 23:00:00+00:00,2024-09-15 23:00:00+00:00,2024-10-06 23:00:00+00:00,1440,288,1.5,1.8525354652612127,1288,2,0.0005543639929794786,0.19311211733593042
45,2024-07-14 23:00:00+00:00,2024-10-06 23:00:00+00:00,2024-10-06 23:00:00+00:00,2024-10-27 23:00:00+00:00,1440,288,1.5,1.316230964320459,1380,2,0.00601968175583889,3.5432459247118886
46,2024-08-04 23:00:00+00:00,2024-10-27 23:00:00+00:00,2024-10-27 23:00:00+00:00,2024-11-17 23:00:00+00:00,1440,288,1.5,1.8317420543434138,1284,0,0.0,0.0
47,2024-08-25 23:00:00+00:00,2024-11-17 23:00:00+00:00,2024-11-17 23:00:00+00:00,2024-12-08 23:00:00+00:00,1440,192,1.5,0.8690699316750026,1349,0,0.0,0.0
48,2024-09-15 23:00:00+00:00,2024-12-08 23:00:00+00:00,2024-12-08 23:00:00+00:00,2024-12-29 23:00:00+00:00,1440,192,1.5,1.8079705705259563,1273,3,-0.02606428399300431,-6.366815109142872
