fold,train_start,train_end,test_start,test_end,rvol_mult,thrust_lookback,rvol_baseline_bars,train_sharpe,test_bars
1,2022-01-02 23:00:00+00:00,2022-03-27 23:00:00+00:00,2022-03-27 23:00:00+00:00,2022-04-17 23:00:00+00:00,4.0,2,960,4.540430817285164,1288
2,2022-01-23 23:00:00+00:00,2022-04-17 23:00:00+00:00,2022-04-17 23:00:00+00:00,2022-05-08 23:00:00+00:00,4.0,2,960,3.173406354003172,1380
3,2022-02-13 23:00:00+00:00,2022-05-08 23:00:00+00:00,2022-05-08 23:00:00+00:00,2022-05-29 23:00:00+00:00,4.0,2,960,3.338745156886611,1380
4,2022-03-06 23:00:00+00:00,2022-05-29 23:00:00+00:00,2022-05-29 23:00:00+00:00,2022-06-19 23:00:00+00:00,2.5,8,960,4.280131020648245,1364
5,2022-03-27 23:00:00+00:00,2022-06-19 23:00:00+00:00,2022-06-19 23:00:00+00:00,2022-07-10 23:00:00+00:00,4.0,3,960,2.0707022121516485,1348
6,2022-04-17 23:00:00+00:00,2022-07-10 23:00:00+00:00,2022-07-10 23:00:00+00:00,2022-07-31 23:00:00+00:00,4.0,3,960,2.0593183844717897,1380
7,2022-05-08 23:00:00+00:00,2022-07-31 23:00:00+00:00,2022-07-31 23:00:00+00:00,2022-08-21 23:00:00+00:00,2.0,2,960,-0.13029499700634095,1380
8,2022-05-29 23:00:00+00:00,2022-08-21 23:00:00+00:00,2022-08-21 23:00:00+00:00,2022-09-11 23:00:00+00:00,4.0,2,960,-0.828089879503466,1364
9,2022-06-19 23:00:00+00:00,2022-09-11 23:00:00+00:00,2022-09-11 23:00:00+00:00,2022-10-02 23:00:00+00:00,2.0,2,960,2.702098990563666,1380
10,2022-07-10 23:00:00+00:00,2022-10-02 23:00:00+00:00,2022-10-02 23:00:00+00:00,2022-10-23 23:00:00+00:00,2.0,2,960,0.896764473161166,1380
11,2022-07-31 23:00:00+00:00,2022-10-23 23:00:00+00:00,2022-10-23 23:00:00+00:00,2022-11-13 23:00:00+00:00,2.0,2,960,0.31986453164827544,1376
12,2022-08-21 23:00:00+00:00,2022-11-13 23:00:00+00:00,2022-11-13 23:00:00+00:00,2022-12-04 23:00:00+00:00,3.0,2,960,1.7200960118187378,1349
13,2022-09-11 23:00:00+00:00,2022-12-04 23:00:00+00:00,2022-12-04 23:00:00+00:00,2022-12-25 23:00:00+00:00,4.0,2,960,4.554891701796284,1380
14,2022-10-02 23:00:00+00:00,2022-12-25 23:00:00+00:00,2022-12-25 23:00:00+00:00,2023-01-15 23:00:00+00:00,4.0,2,960,3.4219039925177013,1196
15,2022-10-23 23:00:00+00:00,2023-01-15 23:00:00+00:00,2023-01-15 23:00:00+00:00,2023-02-05 23:00:00+00:00,4.0,2,960,2.1101814836692343,1272
16,2022-11-13 23:00:00+00:00,2023-02-05 23:00:00+00:00,2023-02-05 23:00:00+00:00,2023-02-26 23:00:00+00:00,3.0,2,960,3.3099507097707797,1364
17,2022-12-04 23:00:00+00:00,2023-02-26 23:00:00+00:00,2023-02-26 23:00:00+00:00,2023-03-19 23:00:00+00:00,4.0,4,960,1.423058743226001,1292
18,2022-12-25 23:00:00+00:00,2023-03-19 23:00:00+00:00,2023-03-19 23:00:00+00:00,2023-04-09 23:00:00+00:00,4.0,4,960,1.8410627091835428,1265
19,2023-01-15 23:00:00+00:00,2023-04-09 23:00:00+00:00,2023-04-09 23:00:00+00:00,2023-04-30 23:00:00+00:00,2.0,3,960,2.940385799369579,1376
20,2023-02-05 23:00:00+00:00,2023-04-30 23:00:00+00:00,2023-04-30 23:00:00+00:00,2023-05-21 23:00:00+00:00,2.0,3,960,3.1244628879122263,1376
21,2023-02-26 23:00:00+00:00,2023-05-21 23:00:00+00:00,2023-05-21 23:00:00+00:00,2023-06-11 23:00:00+00:00,3.0,2,960,3.1833572398207943,1272
22,2023-03-19 23:00:00+00:00,2023-06-11 23:00:00+00:00,2023-06-11 23:00:00+00:00,2023-07-02 23:00:00+00:00,3.0,2,960,2.915717502113291,1280
23,2023-04-09 23:00:00+00:00,2023-07-02 23:00:00+00:00,2023-07-02 23:00:00+00:00,2023-07-23 23:00:00+00:00,2.5,2,960,1.819701184597467,1349
24,2023-04-30 23:00:00+00:00,2023-07-23 23:00:00+00:00,2023-07-23 23:00:00+00:00,2023-08-13 23:00:00+00:00,2.0,8,960,0.11716161789979646,1288
25,2023-05-21 23:00:00+00:00,2023-08-13 23:00:00+00:00,2023-08-13 23:00:00+00:00,2023-09-03 23:00:00+00:00,2.0,4,960,0.672994968321432,1288
26,2023-06-11 23:00:00+00:00,2023-09-03 23:00:00+00:00,2023-09-03 23:00:00+00:00,2023-09-24 23:00:00+00:00,2.5,4,960,1.5769105760148179,1364
27,2023-07-02 23:00:00+00:00,2023-09-24 23:00:00+00:00,2023-09-24 23:00:00+00:00,2023-10-15 23:00:00+00:00,2.5,4,960,2.693699831370624,1380
28,2023-07-23 23:00:00+00:00,2023-10-15 23:00:00+00:00,2023-10-15 23:00:00+00:00,2023-11-05 23:00:00+00:00,3.0,3,960,2.7376808295643666,1284
29,2023-08-13 23:00:00+00:00,2023-11-05 23:00:00+00:00,2023-11-05 23:00:00+00:00,2023-11-26 23:00:00+00:00,4.0,2,960,0.6781019034514627,1349
30,2023-09-03 23:00:00+00:00,2023-11-26 23:00:00+00:00,2023-11-26 23:00:00+00:00,2023-12-17 23:00:00+00:00,4.0,2,960,0.6742451730049034,1288
31,2023-09-24 23:00:00+00:00,2023-12-17 23:00:00+00:00,2023-12-17 23:00:00+00:00,2024-01-07 23:00:00+00:00,4.0,2,960,-0.12879765121877648,1196
32,2023-10-15 23:00:00+00:00,2024-01-07 23:00:00+00:00,2024-01-07 23:00:00+00:00,2024-01-28 23:00:00+00:00,2.5,8,960,1.949150070517318,1364
33,2023-11-05 23:00:00+00:00,2024-01-28 23:00:00+00:00,2024-01-28 23:00:00+00:00,2024-02-18 23:00:00+00:00,3.0,4,960,0.3036256723908843,1288
34,2023-11-26 23:00:00+00:00,2024-02-18 23:00:00+00:00,2024-02-18 23:00:00+00:00,2024-03-10 23:00:00+00:00,3.0,4,960,0.26056409783057705,1276
35,2023-12-17 23:00:00+00:00,2024-03-10 23:00:00+00:00,2024-03-10 23:00:00+00:00,2024-03-31 23:00:00+00:00,3.0,2,960,1.7529556269322801,1284
36,2024-01-07 23:00:00+00:00,2024-03-31 23:00:00+00:00,2024-03-31 23:00:00+00:00,2024-04-21 23:00:00+00:00,3.0,2,960,3.173026415249434,1376
37,2024-01-28 23:00:00+00:00,2024-04-21 23:00:00+00:00,2024-04-21 23:00:00+00:00,2024-05-12 23:00:00+00:00,4.0,2,960,3.662816849956994,1288
38,2024-02-18 23:00:00+00:00,2024-05-12 23:00:00+00:00,2024-05-12 23:00:00+00:00,2024-06-02 23:00:00+00:00,4.0,2,960,3.662816849956994,1280
39,2024-03-10 23:00:00+00:00,2024-06-02 23:00:00+00:00,2024-06-02 23:00:00+00:00,2024-06-23 23:00:00+00:00,4.0,2,960,2.7305820700595853,1364
40,2024-03-31 23:00:00+00:00,2024-06-23 23:00:00+00:00,2024-06-23 23:00:00+00:00,2024-07-14 23:00:00+00:00,2.0,3,960,1.8715894627220377,1341
41,2024-04-21 23:00:00+00:00,2024-07-14 23:00:00+00:00,2024-07-14 23:00:00+00:00,2024-08-04 23:00:00+00:00,4.0,3,960,1.6632703159138682,1288
42,2024-05-12 23:00:00+00:00,2024-08-04 23:00:00+00:00,2024-08-04 23:00:00+00:00,2024-08-25 23:00:00+00:00,4.0,3,960,1.6632703159138684,1380
43,2024-06-02 23:00:00+00:00,2024-08-25 23:00:00+00:00,2024-08-25 23:00:00+00:00,2024-09-15 23:00:00+00:00,4.0,3,960,1.647720657289556,1364
44,2024-06-23 23:00:00+00:00,2024-09-15 23:00:00+00:00,2024-09-15 23:00:00+00:00,2024-10-06 23:00:00+00:00,2.0,3,960,1.5853498608989076,1288
45,2024-07-14 23:00:00+00:00,2024-10-06 23:00:00+00:00,2024-10-06 23:00:00+00:00,2024-10-27 23:00:00+00:00,3.0,2,960,-0.6866950114525124,1380
46,2024-08-04 23:00:00+00:00,2024-10-27 23:00:00+00:00,2024-10-27 23:00:00+00:00,2024-11-17 23:00:00+00:00,3.0,2,960,0.022727820541187414,1284
47,2024-08-25 23:00:00+00:00,2024-11-17 23:00:00+00:00,2024-11-17 23:00:00+00:00,2024-12-08 23:00:00+00:00,2.5,4,960,0.4783192607881044,1349
48,2024-09-15 23:00:00+00:00,2024-12-08 23:00:00+00:00,2024-12-08 23:00:00+00:00,2024-12-29 23:00:00+00:00,2.5,4,960,0.2867470184074391,1273
49,2024-10-06 23:00:00+00:00,2024-12-29 23:00:00+00:00,2024-12-29 23:00:00+00:00,2025-01-19 23:00:00+00:00,2.5,3,960,1.2708886842230582,1170
50,2024-10-27 23:00:00+00:00,2025-01-19 23:00:00+00:00,2025-01-19 23:00:00+00:00,2025-02-09 23:00:00+00:00,2.5,2,960,-0.0738141621580513,1276
51,2024-11-17 23:00:00+00:00,2025-02-09 23:00:00+00:00,2025-02-09 23:00:00+00:00,2025-03-02 23:00:00+00:00,4.0,2,960,-0.9411870996316353,1276
52,2024-12-08 23:00:00+00:00,2025-03-02 23:00:00+00:00,2025-03-02 23:00:00+00:00,2025-03-23 23:00:00+00:00,3.0,2,960,-0.5991149731570309,1384
53,2024-12-29 23:00:00+00:00,2025-03-23 23:00:00+00:00,2025-03-23 23:00:00+00:00,2025-04-13 23:00:00+00:00,2.0,4,960,0.4830062243843848,1288
54,2025-01-19 23:00:00+00:00,2025-04-13 23:00:00+00:00,2025-04-13 23:00:00+00:00,2025-05-04 23:00:00+00:00,2.5,8,960,4.028343497381669,1196
55,2025-02-09 23:00:00+00:00,2025-05-04 23:00:00+00:00,2025-05-04 23:00:00+00:00,2025-05-25 23:00:00+00:00,2.5,8,960,3.7550698076061577,1380
56,2025-03-02 23:00:00+00:00,2025-05-25 23:00:00+00:00,2025-05-25 23:00:00+00:00,2025-06-15 23:00:00+00:00,2.5,8,960,3.419926577789463,1364
57,2025-03-23 23:00:00+00:00,2025-06-15 23:00:00+00:00,2025-06-15 23:00:00+00:00,2025-07-06 23:00:00+00:00,3.0,2,960,2.697204673683125,1241
58,2025-04-13 23:00:00+00:00,2025-07-06 23:00:00+00:00,2025-07-06 23:00:00+00:00,2025-07-27 23:00:00+00:00,2.0,2,960,-1.9215915576811997,1380
59,2025-05-04 23:00:00+00:00,2025-07-27 23:00:00+00:00,2025-07-27 23:00:00+00:00,2025-08-17 23:00:00+00:00,2.5,2,960,-1.6093958809558757,1288
60,2025-05-25 23:00:00+00:00,2025-08-17 23:00:00+00:00,2025-08-17 23:00:00+00:00,2025-09-07 23:00:00+00:00,2.0,8,960,-3.2328984650672874,1356
61,2025-06-15 23:00:00+00:00,2025-09-07 23:00:00+00:00,2025-09-07 23:00:00+00:00,2025-09-28 23:00:00+00:00,4.0,2,960,-1.7327546952667425,1380
62,2025-07-06 23:00:00+00:00,2025-09-28 23:00:00+00:00,2025-09-28 23:00:00+00:00,2025-10-19 23:00:00+00:00,2.0,2,960,-2.6246536192598913,1288
63,2025-07-27 23:00:00+00:00,2025-10-19 23:00:00+00:00,2025-10-19 23:00:00+00:00,2025-11-09 23:00:00+00:00,4.0,2,960,2.8708830593065064,1292
64,2025-08-17 23:00:00+00:00,2025-11-09 23:00:00+00:00,2025-11-09 23:00:00+00:00,2025-11-30 23:00:00+00:00,2.0,2,960,2.173555387044842,1306
65,2025-09-07 23:00:00+00:00,2025-11-30 23:00:00+00:00,2025-11-30 23:00:00+00:00,2025-12-21 23:00:00+00:00,2.0,2,960,2.9925715880565806,1376
