fold,train_start,train_end,test_start,test_end,reg_lookback,entry_sigma,stop_sigma,train_sharpe,test_bars,oos_trades,oos_return,oos_sharpe
1,2022-01-02 23:00:00+00:00,2022-03-27 23:00:00+00:00,2022-03-27 23:00:00+00:00,2022-04-17 23:00:00+00:00,384,3.0,2.0,2.6941443282246165,1288,1,-0.008689894399615095,-6.704559266257724
2,2022-01-23 23:00:00+00:00,2022-04-17 23:00:00+00:00,2022-04-17 23:00:00+00:00,2022-05-08 23:00:00+00:00,384,3.0,2.0,1.0841815940018402,1380,3,-0.01407898047912104,-3.6717494219777516
3,2022-02-13 23:00:00+00:00,2022-05-08 23:00:00+00:00,2022-05-08 23:00:00+00:00,2022-05-29 23:00:00+00:00,384,3.0,2.0,0.15077034783457435,1380,2,-0.02361294035418049,-6.023852598161088
4,2022-03-06 23:00:00+00:00,2022-05-29 23:00:00+00:00,2022-05-29 23:00:00+00:00,2022-06-19 23:00:00+00:00,96,3.0,2.0,-1.7531123207863484,1364,9,-0.0127182291458946,-2.05883089749517
5,2022-03-27 23:00:00+00:00,2022-06-19 23:00:00+00:00,2022-06-19 23:00:00+00:00,2022-07-10 23:00:00+00:00,96,1.5,2.0,-0.48439909562300204,1348,20,-0.006571880842233813,-0.9538602483634933
6,2022-04-17 23:00:00+00:00,2022-07-10 23:00:00+00:00,2022-07-10 23:00:00+00:00,2022-07-31 23:00:00+00:00,96,1.5,2.0,0.4706064056617206,1380,21,-0.029196536132069517,-3.927895120766662
7,2022-05-08 23:00:00+00:00,2022-07-31 23:00:00+00:00,2022-07-31 23:00:00+00:00,2022-08-21 23:00:00+00:00,96,1.5,2.0,0.02542743782884729,1380,22,-0.0013635669597990008,-0.18213450478008436
8,2022-05-29 23:00:00+00:00,2022-08-21 23:00:00+00:00,2022-08-21 23:00:00+00:00,2022-09-11 23:00:00+00:00,192,3.0,2.0,0.23226655183692688,1364,4,-0.0012707555033631968,-0.38291547351845456
9,2022-06-19 23:00:00+00:00,2022-09-11 23:00:00+00:00,2022-09-11 23:00:00+00:00,2022-10-02 23:00:00+00:00,192,3.0,2.0,0.7206670180916264,1380,5,-0.008023776185768772,-2.04699821336243
10,2022-07-10 23:00:00+00:00,2022-10-02 23:00:00+00:00,2022-10-02 23:00:00+00:00,2022-10-23 23:00:00+00:00,384,3.0,2.0,0.16664362355689646,1380,3,-0.019399036398850766,-5.594653715903303
11,2022-07-31 23:00:00+00:00,2022-10-23 23:00:00+00:00,2022-10-23 23:00:00+00:00,2022-11-13 23:00:00+00:00,192,3.0,2.0,2.5277935951712576,1376,4,-0.010969264110150978,-2.7277487165000744
12,2022-08-21 23:00:00+00:00,2022-11-13 23:00:00+00:00,2022-11-13 23:00:00+00:00,2022-12-04 23:00:00+00:00,192,2.5,2.0,1.4042187461613198,1349,5,-0.01675856300088352,-4.310409011431425
13,2022-09-11 23:00:00+00:00,2022-12-04 23:00:00+00:00,2022-12-04 23:00:00+00:00,2022-12-25 23:00:00+00:00,96,3.0,2.0,1.2015412120328839,1380,9,-0.02011510700587338,-3.5060283641956347
14,2022-10-02 23:00:00+00:00,2022-12-25 23:00:00+00:00,2022-12-25 23:00:00+00:00,2023-01-15 23:00:00+00:00,192,2.5,2.0,1.2637858128952548,1196,6,-0.005575498668466516,-1.2081981518937217
15,2022-10-23 23:00:00+00:00,2023-01-15 23:00:00+00:00,2023-01-15 23:00:00+00:00,2023-02-05 23:00:00+00:00,96,2.0,2.0,1.496494186275173,1272,19,-0.026938511215025995,-5.232844208875353
16,2022-11-13 23:00:00+00:00,2023-02-05 23:00:00+00:00,2023-02-05 23:00:00+00:00,2023-02-26 23:00:00+00:00,96,2.0,2.0,-0.7313481659896534,1364,18,-0.00657603870386525,-1.1205066298978814
17,2022-12-04 23:00:00+00:00,2023-02-26 23:00:00+00:00,2023-02-26 23:00:00+00:00,2023-03-19 23:00:00+00:00,384,3.0,2.0,0.2499465607207756,1292,2,-0.0016865274681825415,-0.6018364145324078
18,2022-12-25 23:00:00+00:00,2023-03-19 23:00:00+00:00,2023-03-19 23:00:00+00:00,2023-04-09 23:00:00+00:00,384,3.0,2.0,-0.06573226806123612,1265,2,-0.0011376838819563417,-0.6309498912242888
19,2023-01-15 23:00:00+00:00,2023-04-09 23:00:00+00:00,2023-04-09 23:00:00+00:00,2023-04-30 23:00:00+00:00,384,3.0,2.0,0.6731347933771278,1376,3,-0.016513468081243876,-11.261368730899793
20,2023-02-05 23:00:00+00:00,2023-04-30 23:00:00+00:00,2023-04-30 23:00:00+00:00,2023-05-21 23:00:00+00:00,384,1.5,2.0,2.0150421278833988,1376,7,-0.008701315951553878,-2.8711151213188066
21,2023-02-26 23:00:00+00:00,2023-05-21 23:00:00+00:00,2023-05-21 23:00:00+00:00,2023-06-11 23:00:00+00:00,384,1.5,2.0,2.5044865131962637,1272,11,-0.021835613703224954,-5.052264369163007
22,2023-03-19 23:00:00+00:00,2023-06-11 23:00:00+00:00,2023-06-11 23:00:00+00:00,2023-07-02 23:00:00+00:00,192,2.0,2.0,-0.14155386472374357,1280,13,-0.018499301621501152,-4.633541355886301
23,2023-04-09 23:00:00+00:00,2023-07-02 23:00:00+00:00,2023-07-02 23:00:00+00:00,2023-07-23 23:00:00+00:00,192,1.5,2.0,-0.3450668360457956,1349,14,-0.025470615385931095,-7.469559497209744
24,2023-04-30 23:00:00+00:00,2023-07-23 23:00:00+00:00,2023-07-23 23:00:00+00:00,2023-08-13 23:00:00+00:00,192,3.0,2.0,-3.0847019358744916,1288,7,0.006706480412407734,2.2579913602141866
25,2023-05-21 23:00:00+00:00,2023-08-13 23:00:00+00:00,2023-08-13 23:00:00+00:00,2023-09-03 23:00:00+00:00,384,3.0,2.0,0.8743046788287984,1288,2,-0.0196249476005268,-7.635580426092307
26,2023-06-11 23:00:00+00:00,2023-09-03 23:00:00+00:00,2023-09-03 23:00:00+00:00,2023-09-24 23:00:00+00:00,384,3.0,2.0,-0.1278783543187911,1364,3,-0.004345651851205501,-1.6978624141275969
27,2023-07-02 23:00:00+00:00,2023-09-24 23:00:00+00:00,2023-09-24 23:00:00+00:00,2023-10-15 23:00:00+00:00,384,3.0,2.0,-0.5083484258276301,1380,4,-0.01152837119744965,-3.6628640993304318
28,2023-07-23 23:00:00+00:00,2023-10-15 23:00:00+00:00,2023-10-15 23:00:00+00:00,2023-11-05 23:00:00+00:00,384,2.5,2.0,-0.7022614844145835,1284,4,-0.015395070796391908,-6.192777966915474
29,2023-08-13 23:00:00+00:00,2023-11-05 23:00:00+00:00,2023-11-05 23:00:00+00:00,2023-11-26 23:00:00+00:00,192,1.5,2.0,-2.6781294194568828,1349,12,-0.0020877677119892635,-0.6132156573992035
30,2023-09-03 23:00:00+00:00,2023-11-26 23:00:00+00:00,2023-11-26 23:00:00+00:00,2023-12-17 23:00:00+00:00,192,1.5,2.0,-0.6568653131399527,1288,13,-0.036030285299107234,-9.825917602510865
31,2023-09-24 23:00:00+00:00,2023-12-17 23:00:00+00:00,2023-12-17 23:00:00+00:00,2024-01-07 23:00:00+00:00,384,3.0,2.0,-0.9927459056668166,1196,4,-0.018584270587767016,-6.93282923283327
32,2023-10-15 23:00:00+00:00,2024-01-07 23:00:00+00:00,2024-01-07 23:00:00+00:00,2024-01-28 23:00:00+00:00,48,3.0,2.0,-0.9335683742798935,1364,12,-0.00867855846903376,-2.8217756916142713
33,2023-11-05 23:00:00+00:00,2024-01-28 23:00:00+00:00,2024-01-28 23:00:00+00:00,2024-02-18 23:00:00+00:00,48,3.0,2.0,-0.176582241255163,1288,12,-0.02038757764072474,-7.908239470268683
34,2023-11-26 23:00:00+00:00,2024-02-18 23:00:00+00:00,2024-02-18 23:00:00+00:00,2024-03-10 23:00:00+00:00,192,3.0,2.0,-1.4801075907434356,1276,2,-0.0031683269928034496,-1.58432549896251
35,2023-12-17 23:00:00+00:00,2024-03-10 23:00:00+00:00,2024-03-10 23:00:00+00:00,2024-03-31 23:00:00+00:00,384,1.5,2.0,-0.8392123297621403,1284,8,0.010847077308749897,3.3108399171629173
36,2024-01-07 23:00:00+00:00,2024-03-31 23:00:00+00:00,2024-03-31 23:00:00+00:00,2024-04-21 23:00:00+00:00,384,1.5,2.0,0.8238307274212794,1376,10,-0.015144400226639876,-3.46733751263865
37,2024-01-28 23:00:00+00:00,2024-04-21 23:00:00+00:00,2024-04-21 23:00:00+00:00,2024-05-12 23:00:00+00:00,384,1.5,2.0,0.04974050653083186,1288,5,0.001567136708575001,0.8699139580151062
38,2024-02-18 23:00:00+00:00,2024-05-12 23:00:00+00:00,2024-05-12 23:00:00+00:00,2024-06-02 23:00:00+00:00,192,2.5,2.0,0.40956891881299845,1280,9,-0.008227121567765394,-2.9496684044382433
39,2024-03-10 23:00:00+00:00,2024-06-02 23:00:00+00:00,2024-06-02 23:00:00+00:00,2024-06-23 23:00:00+00:00,96,3.0,2.0,0.6763847973832149,1364,10,-0.02037324870942603,-7.019269415223665
40,2024-03-31 23:00:00+00:00,2024-06-23 23:00:00+00:00,2024-06-23 23:00:00+00:00,2024-07-14 23:00:00+00:00,384,2.0,2.0,-0.14562983926361162,1341,9,-0.008505603298021192,-2.497720633684104
41,2024-04-21 23:00:00+00:00,2024-07-14 23:00:00+00:00,2024-07-14 23:00:00+00:00,2024-08-04 23:00:00+00:00,384,2.0,2.0,-0.8514318844537717,1288,8,0.01462454906388122,2.6172409705804722
42,2024-05-12 23:00:00+00:00,2024-08-04 23:00:00+00:00,2024-08-04 23:00:00+00:00,2024-08-25 23:00:00+00:00,384,2.0,2.0,0.47839494423398904,1380,3,-0.02162801690716165,-8.930605271761452
43,2024-06-02 23:00:00+00:00,2024-08-25 23:00:00+00:00,2024-08-25 23:00:00+00:00,2024-09-15 23:00:00+00:00,384,1.5,2.0,1.7009692265421437,1364,9,-0.021880779482584822,-3.868658836338119
44,2024-06-23 23:00:00+00:00,2024-09-15 23:00:00+00:00,2024-09-15 23:00:00+00:00,2024-10-06 23:00:00+00:00,384,1.5,2.0,0.9752687297687258,1288,11,-0.000523457495448354,-0.08188909098358499
45,2024-07-14 23:00:00+00:00,2024-10-06 23:00:00+00:00,2024-10-06 23:00:00+00:00,2024-10-27 23:00:00+00:00,384,1.5,2.0,1.111927806095352,1380,9,-0.01680530747632869,-4.98495431301428
46,2024-08-04 23:00:00+00:00,2024-10-27 23:00:00+00:00,2024-10-27 23:00:00+00:00,2024-11-17 23:00:00+00:00,384,2.5,2.0,-1.725189717185851,1284,2,0.0006657789197961339,0.7472887342121426
47,2024-08-25 23:00:00+00:00,2024-11-17 23:00:00+00:00,2024-11-17 23:00:00+00:00,2024-12-08 23:00:00+00:00,384,2.5,2.0,-2.717112866370294,1349,5,-0.015822224368321036,-11.173710886124098
48,2024-09-15 23:00:00+00:00,2024-12-08 23:00:00+00:00,2024-12-08 23:00:00+00:00,2024-12-29 23:00:00+00:00,192,2.5,2.0,-2.2962213132317806,1273,7,-0.017895319112154584,-6.083339438838551
