fold,train_start,train_end,test_start,test_end,range_lookback,buffer_frac,train_sharpe,test_bars
1,2022-01-02 23:00:00+00:00,2022-03-27 23:00:00+00:00,2022-03-27 23:00:00+00:00,2022-04-17 23:00:00+00:00,96,0.0,0.036764416914376014,1288
2,2022-01-23 23:00:00+00:00,2022-04-17 23:00:00+00:00,2022-04-17 23:00:00+00:00,2022-05-08 23:00:00+00:00,24,0.1,2.555680031156859,1380
3,2022-02-13 23:00:00+00:00,2022-05-08 23:00:00+00:00,2022-05-08 23:00:00+00:00,2022-05-29 23:00:00+00:00,24,0.1,4.829596696169677,1380
4,2022-03-06 23:00:00+00:00,2022-05-29 23:00:00+00:00,2022-05-29 23:00:00+00:00,2022-06-19 23:00:00+00:00,96,0.15,3.42986840775206,1364
5,2022-03-27 23:00:00+00:00,2022-06-19 23:00:00+00:00,2022-06-19 23:00:00+00:00,2022-07-10 23:00:00+00:00,96,0.15,3.4362021414938653,1348
6,2022-04-17 23:00:00+00:00,2022-07-10 23:00:00+00:00,2022-07-10 23:00:00+00:00,2022-07-31 23:00:00+00:00,96,0.15,4.33182645315484,1380
7,2022-05-08 23:00:00+00:00,2022-07-31 23:00:00+00:00,2022-07-31 23:00:00+00:00,2022-08-21 23:00:00+00:00,96,0.15,4.33182645315484,1380
8,2022-05-29 23:00:00+00:00,2022-08-21 23:00:00+00:00,2022-08-21 23:00:00+00:00,2022-09-11 23:00:00+00:00,96,0.15,3.632137176069503,1364
9,2022-06-19 23:00:00+00:00,2022-09-11 23:00:00+00:00,2022-09-11 23:00:00+00:00,2022-10-02 23:00:00+00:00,192,0.15,2.611507090679544,1380
10,2022-07-10 23:00:00+00:00,2022-10-02 23:00:00+00:00,2022-10-02 23:00:00+00:00,2022-10-23 23:00:00+00:00,24,0.15,0.1539231442144348,1380
11,2022-07-31 23:00:00+00:00,2022-10-23 23:00:00+00:00,2022-10-23 23:00:00+00:00,2022-11-13 23:00:00+00:00,96,0.1,0.5840849453383681,1376
12,2022-08-21 23:00:00+00:00,2022-11-13 23:00:00+00:00,2022-11-13 23:00:00+00:00,2022-12-04 23:00:00+00:00,24,0.0,1.6987856585107775,1349
13,2022-09-11 23:00:00+00:00,2022-12-04 23:00:00+00:00,2022-12-04 23:00:00+00:00,2022-12-25 23:00:00+00:00,192,0.0,1.5798564125642964,1380
14,2022-10-02 23:00:00+00:00,2022-12-25 23:00:00+00:00,2022-12-25 23:00:00+00:00,2023-01-15 23:00:00+00:00,192,0.0,2.619245032354246,1196
15,2022-10-23 23:00:00+00:00,2023-01-15 23:00:00+00:00,2023-01-15 23:00:00+00:00,2023-02-05 23:00:00+00:00,192,0.0,2.762510191752936,1272
16,2022-11-13 23:00:00+00:00,2023-02-05 23:00:00+00:00,2023-02-05 23:00:00+00:00,2023-02-26 23:00:00+00:00,96,0.1,0.8102110849099695,1364
17,2022-12-04 23:00:00+00:00,2023-02-26 23:00:00+00:00,2023-02-26 23:00:00+00:00,2023-03-19 23:00:00+00:00,96,0.1,0.8090445527624672,1292
18,2022-12-25 23:00:00+00:00,2023-03-19 23:00:00+00:00,2023-03-19 23:00:00+00:00,2023-04-09 23:00:00+00:00,96,0.1,0.8159611301172358,1265
19,2023-01-15 23:00:00+00:00,2023-04-09 23:00:00+00:00,2023-04-09 23:00:00+00:00,2023-04-30 23:00:00+00:00,96,0.1,0.8105230133094395,1376
20,2023-02-05 23:00:00+00:00,2023-04-30 23:00:00+00:00,2023-04-30 23:00:00+00:00,2023-05-21 23:00:00+00:00,24,0.15,0.8717612087367571,1376
21,2023-02-26 23:00:00+00:00,2023-05-21 23:00:00+00:00,2023-05-21 23:00:00+00:00,2023-06-11 23:00:00+00:00,96,0.1,1.540539975109352,1272
22,2023-03-19 23:00:00+00:00,2023-06-11 23:00:00+00:00,2023-06-11 23:00:00+00:00,2023-07-02 23:00:00+00:00,96,0.15,4.817309820991671,1280
23,2023-04-09 23:00:00+00:00,2023-07-02 23:00:00+00:00,2023-07-02 23:00:00+00:00,2023-07-23 23:00:00+00:00,96,0.15,4.810487667559563,1349
24,2023-04-30 23:00:00+00:00,2023-07-23 23:00:00+00:00,2023-07-23 23:00:00+00:00,2023-08-13 23:00:00+00:00,96,0.15,4.262859309464043,1288
25,2023-05-21 23:00:00+00:00,2023-08-13 23:00:00+00:00,2023-08-13 23:00:00+00:00,2023-09-03 23:00:00+00:00,48,0.15,4.378249088428089,1288
26,2023-06-11 23:00:00+00:00,2023-09-03 23:00:00+00:00,2023-09-03 23:00:00+00:00,2023-09-24 23:00:00+00:00,96,0.1,2.554205128347503,1364
27,2023-07-02 23:00:00+00:00,2023-09-24 23:00:00+00:00,2023-09-24 23:00:00+00:00,2023-10-15 23:00:00+00:00,96,0.1,3.4175929645730254,1380
28,2023-07-23 23:00:00+00:00,2023-10-15 23:00:00+00:00,2023-10-15 23:00:00+00:00,2023-11-05 23:00:00+00:00,96,0.1,2.4057048236039713,1284
29,2023-08-13 23:00:00+00:00,2023-11-05 23:00:00+00:00,2023-11-05 23:00:00+00:00,2023-11-26 23:00:00+00:00,96,0.1,2.406609790072138,1349
30,2023-09-03 23:00:00+00:00,2023-11-26 23:00:00+00:00,2023-11-26 23:00:00+00:00,2023-12-17 23:00:00+00:00,96,0.05,3.8943719290788086,1288
31,2023-09-24 23:00:00+00:00,2023-12-17 23:00:00+00:00,2023-12-17 23:00:00+00:00,2024-01-07 23:00:00+00:00,96,0.05,3.1680657804597847,1196
32,2023-10-15 23:00:00+00:00,2024-01-07 23:00:00+00:00,2024-01-07 23:00:00+00:00,2024-01-28 23:00:00+00:00,96,0.1,2.4062851574471518,1364
33,2023-11-05 23:00:00+00:00,2024-01-28 23:00:00+00:00,2024-01-28 23:00:00+00:00,2024-02-18 23:00:00+00:00,96,0.1,2.3876917601637175,1288
34,2023-11-26 23:00:00+00:00,2024-02-18 23:00:00+00:00,2024-02-18 23:00:00+00:00,2024-03-10 23:00:00+00:00,192,0.0,1.232866315967607,1276
35,2023-12-17 23:00:00+00:00,2024-03-10 23:00:00+00:00,2024-03-10 23:00:00+00:00,2024-03-31 23:00:00+00:00,96,0.15,1.4953563095902187,1284
36,2024-01-07 23:00:00+00:00,2024-03-31 23:00:00+00:00,2024-03-31 23:00:00+00:00,2024-04-21 23:00:00+00:00,96,0.15,1.4826799220683848,1376
37,2024-01-28 23:00:00+00:00,2024-04-21 23:00:00+00:00,2024-04-21 23:00:00+00:00,2024-05-12 23:00:00+00:00,96,0.15,1.480976183227799,1288
38,2024-02-18 23:00:00+00:00,2024-05-12 23:00:00+00:00,2024-05-12 23:00:00+00:00,2024-06-02 23:00:00+00:00,96,0.15,1.480976183227799,1280
39,2024-03-10 23:00:00+00:00,2024-06-02 23:00:00+00:00,2024-06-02 23:00:00+00:00,2024-06-23 23:00:00+00:00,24,0.1,2.5724308581614688,1364
40,2024-03-31 23:00:00+00:00,2024-06-23 23:00:00+00:00,2024-06-23 23:00:00+00:00,2024-07-14 23:00:00+00:00,24,0.1,1.702457994413735,1341
41,2024-04-21 23:00:00+00:00,2024-07-14 23:00:00+00:00,2024-07-14 23:00:00+00:00,2024-08-04 23:00:00+00:00,48,0.0,-0.9104352894691798,1288
42,2024-05-12 23:00:00+00:00,2024-08-04 23:00:00+00:00,2024-08-04 23:00:00+00:00,2024-08-25 23:00:00+00:00,192,0.1,1.8087869485502508,1380
43,2024-06-02 23:00:00+00:00,2024-08-25 23:00:00+00:00,2024-08-25 23:00:00+00:00,2024-09-15 23:00:00+00:00,96,0.15,1.7918765138282529,1364
44,2024-06-23 23:00:00+00:00,2024-09-15 23:00:00+00:00,2024-09-15 23:00:00+00:00,2024-10-06 23:00:00+00:00,96,0.15,1.7918765138282529,1288
45,2024-07-14 23:00:00+00:00,2024-10-06 23:00:00+00:00,2024-10-06 23:00:00+00:00,2024-10-27 23:00:00+00:00,96,0.0,-0.9487195819210673,1380
46,2024-08-04 23:00:00+00:00,2024-10-27 23:00:00+00:00,2024-10-27 23:00:00+00:00,2024-11-17 23:00:00+00:00,96,0.0,0.8382888648227642,1284
47,2024-08-25 23:00:00+00:00,2024-11-17 23:00:00+00:00,2024-11-17 23:00:00+00:00,2024-12-08 23:00:00+00:00,96,0.0,0.4620458248553621,1349
48,2024-09-15 23:00:00+00:00,2024-12-08 23:00:00+00:00,2024-12-08 23:00:00+00:00,2024-12-29 23:00:00+00:00,192,0.15,0.718932645087448,1273
49,2024-10-06 23:00:00+00:00,2024-12-29 23:00:00+00:00,2024-12-29 23:00:00+00:00,2025-01-19 23:00:00+00:00,192,0.0,0.9334314239922664,1170
50,2024-10-27 23:00:00+00:00,2025-01-19 23:00:00+00:00,2025-01-19 23:00:00+00:00,2025-02-09 23:00:00+00:00,192,0.15,0.7346909637190306,1276
51,2024-11-17 23:00:00+00:00,2025-02-09 23:00:00+00:00,2025-02-09 23:00:00+00:00,2025-03-02 23:00:00+00:00,192,0.15,0.7352705008146012,1276
52,2024-12-08 23:00:00+00:00,2025-03-02 23:00:00+00:00,2025-03-02 23:00:00+00:00,2025-03-23 23:00:00+00:00,192,0.05,1.2313388768561178,1384
53,2024-12-29 23:00:00+00:00,2025-03-23 23:00:00+00:00,2025-03-23 23:00:00+00:00,2025-04-13 23:00:00+00:00,96,0.05,2.1188702952184166,1288
54,2025-01-19 23:00:00+00:00,2025-04-13 23:00:00+00:00,2025-04-13 23:00:00+00:00,2025-05-04 23:00:00+00:00,96,0.1,2.094803083240648,1196
55,2025-02-09 23:00:00+00:00,2025-05-04 23:00:00+00:00,2025-05-04 23:00:00+00:00,2025-05-25 23:00:00+00:00,96,0.1,1.6081282441985365,1380
56,2025-03-02 23:00:00+00:00,2025-05-25 23:00:00+00:00,2025-05-25 23:00:00+00:00,2025-06-15 23:00:00+00:00,24,0.1,0.8427793145063545,1364
57,2025-03-23 23:00:00+00:00,2025-06-15 23:00:00+00:00,2025-06-15 23:00:00+00:00,2025-07-06 23:00:00+00:00,24,0.15,0.24861206349165219,1241
58,2025-04-13 23:00:00+00:00,2025-07-06 23:00:00+00:00,2025-07-06 23:00:00+00:00,2025-07-27 23:00:00+00:00,24,0.15,0.8212236456410313,1380
59,2025-05-04 23:00:00+00:00,2025-07-27 23:00:00+00:00,2025-07-27 23:00:00+00:00,2025-08-17 23:00:00+00:00,24,0.15,0.8070205609015636,1288
60,2025-05-25 23:00:00+00:00,2025-08-17 23:00:00+00:00,2025-08-17 23:00:00+00:00,2025-09-07 23:00:00+00:00,24,0.1,0.059531482063920914,1356
61,2025-06-15 23:00:00+00:00,2025-09-07 23:00:00+00:00,2025-09-07 23:00:00+00:00,2025-09-28 23:00:00+00:00,24,0.0,0.1434642400474304,1380
62,2025-07-06 23:00:00+00:00,2025-09-28 23:00:00+00:00,2025-09-28 23:00:00+00:00,2025-10-19 23:00:00+00:00,24,0.15,-2.044861571979078,1288
63,2025-07-27 23:00:00+00:00,2025-10-19 23:00:00+00:00,2025-10-19 23:00:00+00:00,2025-11-09 23:00:00+00:00,192,0.0,-0.9542278627475833,1292
64,2025-08-17 23:00:00+00:00,2025-11-09 23:00:00+00:00,2025-11-09 23:00:00+00:00,2025-11-30 23:00:00+00:00,192,0.0,-2.220433595670993,1306
65,2025-09-07 23:00:00+00:00,2025-11-30 23:00:00+00:00,2025-11-30 23:00:00+00:00,2025-12-21 23:00:00+00:00,96,0.15,-0.45388845403150885,1376
