fold,train_start,train_end,test_start,test_end,mom_lookback,thrust_mult,stop_atr_mult,target_atr_mult,train_sharpe,test_bars
1,2022-01-02 23:00:00+00:00,2022-06-19 23:00:00+00:00,2022-06-19 23:00:00+00:00,2022-07-31 23:00:00+00:00,6,1.25,1.0,1.5,2.8118233451556196,682
2,2022-02-13 23:00:00+00:00,2022-07-31 23:00:00+00:00,2022-07-31 23:00:00+00:00,2022-09-11 23:00:00+00:00,6,1.25,1.0,1.5,2.8033731132972783,686
3,2022-03-27 23:00:00+00:00,2022-09-11 23:00:00+00:00,2022-09-11 23:00:00+00:00,2022-10-23 23:00:00+00:00,6,1.25,1.0,1.5,2.218794730120077,690
4,2022-05-08 23:00:00+00:00,2022-10-23 23:00:00+00:00,2022-10-23 23:00:00+00:00,2022-12-04 23:00:00+00:00,6,1.25,1.0,1.5,3.39706997228406,682
5,2022-06-19 23:00:00+00:00,2022-12-04 23:00:00+00:00,2022-12-04 23:00:00+00:00,2023-01-15 23:00:00+00:00,12,1.25,1.5,2.5,2.249560325083882,644
6,2022-07-31 23:00:00+00:00,2023-01-15 23:00:00+00:00,2023-01-15 23:00:00+00:00,2023-02-26 23:00:00+00:00,8,1.75,1.0,1.5,2.4292323877447375,659
7,2022-09-11 23:00:00+00:00,2023-02-26 23:00:00+00:00,2023-02-26 23:00:00+00:00,2023-04-09 23:00:00+00:00,8,1.75,1.0,1.5,2.4414692726191958,640
8,2022-10-23 23:00:00+00:00,2023-04-09 23:00:00+00:00,2023-04-09 23:00:00+00:00,2023-05-21 23:00:00+00:00,6,1.75,1.0,1.5,2.213794881097845,688
9,2022-12-04 23:00:00+00:00,2023-05-21 23:00:00+00:00,2023-05-21 23:00:00+00:00,2023-07-02 23:00:00+00:00,6,1.75,1.0,1.5,2.2112679868746037,638
10,2023-01-15 23:00:00+00:00,2023-07-02 23:00:00+00:00,2023-07-02 23:00:00+00:00,2023-08-13 23:00:00+00:00,16,1.25,1.0,1.5,1.2543279508621004,660
11,2023-02-26 23:00:00+00:00,2023-08-13 23:00:00+00:00,2023-08-13 23:00:00+00:00,2023-09-24 23:00:00+00:00,16,1.25,1.0,2.5,1.08517176162028,663
12,2023-04-09 23:00:00+00:00,2023-09-24 23:00:00+00:00,2023-09-24 23:00:00+00:00,2023-11-05 23:00:00+00:00,8,1.25,2.0,1.5,1.5500346699085412,666
13,2023-05-21 23:00:00+00:00,2023-11-05 23:00:00+00:00,2023-11-05 23:00:00+00:00,2023-12-17 23:00:00+00:00,8,1.25,2.0,1.5,1.616406891821906,660
14,2023-07-02 23:00:00+00:00,2023-12-17 23:00:00+00:00,2023-12-17 23:00:00+00:00,2024-01-28 23:00:00+00:00,16,1.25,2.0,3.5,1.482219544743636,640
15,2023-08-13 23:00:00+00:00,2024-01-28 23:00:00+00:00,2024-01-28 23:00:00+00:00,2024-03-10 23:00:00+00:00,8,1.75,1.5,1.5,1.8635052400392949,641
16,2023-09-24 23:00:00+00:00,2024-03-10 23:00:00+00:00,2024-03-10 23:00:00+00:00,2024-04-21 23:00:00+00:00,8,1.75,1.0,1.5,1.151774233319751,665
17,2023-11-05 23:00:00+00:00,2024-04-21 23:00:00+00:00,2024-04-21 23:00:00+00:00,2024-06-02 23:00:00+00:00,8,1.75,1.0,1.5,1.1519951629966374,642
18,2023-12-17 23:00:00+00:00,2024-06-02 23:00:00+00:00,2024-06-02 23:00:00+00:00,2024-07-14 23:00:00+00:00,8,1.75,1.0,1.5,0.9219153422778461,677
19,2024-01-28 23:00:00+00:00,2024-07-14 23:00:00+00:00,2024-07-14 23:00:00+00:00,2024-08-25 23:00:00+00:00,6,1.25,1.0,2.5,1.3241918701417275,667
20,2024-03-10 23:00:00+00:00,2024-08-25 23:00:00+00:00,2024-08-25 23:00:00+00:00,2024-10-06 23:00:00+00:00,12,1.75,1.0,2.5,1.9589401626153045,663
21,2024-04-21 23:00:00+00:00,2024-10-06 23:00:00+00:00,2024-10-06 23:00:00+00:00,2024-11-17 23:00:00+00:00,6,1.25,1.0,3.5,2.0290719704011186,666
22,2024-06-02 23:00:00+00:00,2024-11-17 23:00:00+00:00,2024-11-17 23:00:00+00:00,2024-12-29 23:00:00+00:00,6,1.75,1.0,1.5,1.7991038124691157,657
23,2024-07-14 23:00:00+00:00,2024-12-29 23:00:00+00:00,2024-12-29 23:00:00+00:00,2025-02-09 23:00:00+00:00,8,1.75,1.0,2.5,2.3442042584257403,612
24,2024-08-25 23:00:00+00:00,2025-02-09 23:00:00+00:00,2025-02-09 23:00:00+00:00,2025-03-23 23:00:00+00:00,8,1.75,1.0,2.5,1.514567011230646,665
25,2024-10-06 23:00:00+00:00,2025-03-23 23:00:00+00:00,2025-03-23 23:00:00+00:00,2025-05-04 23:00:00+00:00,16,1.25,1.5,1.5,2.5443089951482123,621
26,2024-11-17 23:00:00+00:00,2025-05-04 23:00:00+00:00,2025-05-04 23:00:00+00:00,2025-06-15 23:00:00+00:00,16,1.25,1.0,1.5,2.5005632332970724,686
27,2024-12-29 23:00:00+00:00,2025-06-15 23:00:00+00:00,2025-06-15 23:00:00+00:00,2025-07-27 23:00:00+00:00,16,1.25,1.0,1.5,1.5542945487317952,656
28,2025-02-09 23:00:00+00:00,2025-07-27 23:00:00+00:00,2025-07-27 23:00:00+00:00,2025-09-07 23:00:00+00:00,12,1.25,1.5,1.5,1.232366021556158,661
29,2025-03-23 23:00:00+00:00,2025-09-07 23:00:00+00:00,2025-09-07 23:00:00+00:00,2025-10-19 23:00:00+00:00,12,1.25,1.5,1.5,0.4628124661322425,667
30,2025-05-04 23:00:00+00:00,2025-10-19 23:00:00+00:00,2025-10-19 23:00:00+00:00,2025-11-30 23:00:00+00:00,16,1.75,1.0,1.5,1.7171665385224686,651
