fold,train_start,train_end,test_start,test_end,run_len,run_move_atr,target_atr_mult,stop_atr_mult,train_sharpe,test_bars,oos_trades,oos_return,oos_sharpe
1,2022-01-02 23:00:00+00:00,2022-03-27 23:00:00+00:00,2022-03-27 23:00:00+00:00,2022-04-17 23:00:00+00:00,2,2.0,1.0,1.5,-0.8282108856173741,322,12,0.011696725991837909,3.042423589448292
2,2022-01-23 23:00:00+00:00,2022-04-17 23:00:00+00:00,2022-04-17 23:00:00+00:00,2022-05-08 23:00:00+00:00,2,2.0,1.0,1.5,0.40338695036087596,345,9,-0.05909615131412993,-10.187790310090962
3,2022-02-13 23:00:00+00:00,2022-05-08 23:00:00+00:00,2022-05-08 23:00:00+00:00,2022-05-29 23:00:00+00:00,2,0.75,1.0,1.5,-1.255600562455806,345,17,0.04296039058715273,3.928605432772575
4,2022-03-06 23:00:00+00:00,2022-05-29 23:00:00+00:00,2022-05-29 23:00:00+00:00,2022-06-19 23:00:00+00:00,2,0.75,1.0,1.5,0.3623849751940725,341,16,0.02728110108835935,4.264867157672801
5,2022-03-27 23:00:00+00:00,2022-06-19 23:00:00+00:00,2022-06-19 23:00:00+00:00,2022-07-10 23:00:00+00:00,2,0.75,1.0,1.5,1.8849573032764373,337,14,0.02724209844294223,4.979658848775264
6,2022-04-17 23:00:00+00:00,2022-07-10 23:00:00+00:00,2022-07-10 23:00:00+00:00,2022-07-31 23:00:00+00:00,2,0.75,1.0,1.5,2.160970620705935,345,14,-0.013838505855857552,-3.3371416599446024
7,2022-05-08 23:00:00+00:00,2022-07-31 23:00:00+00:00,2022-07-31 23:00:00+00:00,2022-08-21 23:00:00+00:00,2,0.75,1.0,1.5,2.907577754576971,345,16,-0.011841012062228318,-3.260567604782777
8,2022-05-29 23:00:00+00:00,2022-08-21 23:00:00+00:00,2022-08-21 23:00:00+00:00,2022-09-11 23:00:00+00:00,2,0.75,1.0,1.5,1.4323177765258996,341,17,0.005259186301711072,1.004449867093494
9,2022-06-19 23:00:00+00:00,2022-09-11 23:00:00+00:00,2022-09-11 23:00:00+00:00,2022-10-02 23:00:00+00:00,2,0.75,2.5,1.5,0.9784941372994308,345,14,-0.005568662486966081,-0.7535835766409591
10,2022-07-10 23:00:00+00:00,2022-10-02 23:00:00+00:00,2022-10-02 23:00:00+00:00,2022-10-23 23:00:00+00:00,4,0.75,1.0,1.5,0.685560937436413,345,6,-0.010544703374014586,-3.936388974829607
11,2022-07-31 23:00:00+00:00,2022-10-23 23:00:00+00:00,2022-10-23 23:00:00+00:00,2022-11-13 23:00:00+00:00,2,2.0,2.5,1.5,1.0521429955586223,344,4,0.02615595899751466,5.849809566367997
12,2022-08-21 23:00:00+00:00,2022-11-13 23:00:00+00:00,2022-11-13 23:00:00+00:00,2022-12-04 23:00:00+00:00,2,2.0,2.5,1.5,2.490226951085812,338,7,-0.018057489626408407,-3.1642455099917615
13,2022-09-11 23:00:00+00:00,2022-12-04 23:00:00+00:00,2022-12-04 23:00:00+00:00,2022-12-25 23:00:00+00:00,2,2.0,1.0,1.5,1.8635416566359333,345,5,-0.015055644759941034,-5.808225522960014
14,2022-10-02 23:00:00+00:00,2022-12-25 23:00:00+00:00,2022-12-25 23:00:00+00:00,2023-01-15 23:00:00+00:00,4,2.0,2.5,1.5,0.969197191931719,299,6,0.0084187837591434,2.730445699751289
15,2022-10-23 23:00:00+00:00,2023-01-15 23:00:00+00:00,2023-01-15 23:00:00+00:00,2023-02-05 23:00:00+00:00,4,1.25,1.5,1.5,1.7244151889198425,318,7,-0.03390639448376176,-9.324581463746744
16,2022-11-13 23:00:00+00:00,2023-02-05 23:00:00+00:00,2023-02-05 23:00:00+00:00,2023-02-26 23:00:00+00:00,4,0.75,2.5,1.5,-0.2370568422439161,341,4,-0.007090494205246101,-2.603603952503483
17,2022-12-04 23:00:00+00:00,2023-02-26 23:00:00+00:00,2023-02-26 23:00:00+00:00,2023-03-19 23:00:00+00:00,4,0.75,2.5,1.5,-1.6079846281215961,323,5,-0.003391730030429585,-1.290832720639343
18,2022-12-25 23:00:00+00:00,2023-03-19 23:00:00+00:00,2023-03-19 23:00:00+00:00,2023-04-09 23:00:00+00:00,3,0.75,1.0,1.5,-2.3407735901129074,317,8,-0.011099045204430391,-4.122612039008804
19,2023-01-15 23:00:00+00:00,2023-04-09 23:00:00+00:00,2023-04-09 23:00:00+00:00,2023-04-30 23:00:00+00:00,2,1.25,2.5,1.5,-0.5078816751131566,344,16,-0.04899258581000154,-13.134695190532216
20,2023-02-05 23:00:00+00:00,2023-04-30 23:00:00+00:00,2023-04-30 23:00:00+00:00,2023-05-21 23:00:00+00:00,3,0.75,1.0,1.5,-1.0058724893182676,344,10,-0.007566799757035114,-4.186763441910794
21,2023-02-26 23:00:00+00:00,2023-05-21 23:00:00+00:00,2023-05-21 23:00:00+00:00,2023-06-11 23:00:00+00:00,4,2.0,2.5,1.5,-2.292695082331322,318,5,-0.009195554159185826,-5.375482580662393
22,2023-03-19 23:00:00+00:00,2023-06-11 23:00:00+00:00,2023-06-11 23:00:00+00:00,2023-07-02 23:00:00+00:00,2,0.75,1.5,1.5,-1.9145065209325722,320,14,-0.006712169692439818,-1.900472773746215
23,2023-04-09 23:00:00+00:00,2023-07-02 23:00:00+00:00,2023-07-02 23:00:00+00:00,2023-07-23 23:00:00+00:00,2,0.75,1.5,1.5,-2.388383483010138,338,13,-0.0038720795668374386,-1.3926042689235485
24,2023-04-30 23:00:00+00:00,2023-07-23 23:00:00+00:00,2023-07-23 23:00:00+00:00,2023-08-13 23:00:00+00:00,2,1.25,1.5,1.5,-1.249964299503608,322,10,0.02144816466519872,5.807475711196661
25,2023-05-21 23:00:00+00:00,2023-08-13 23:00:00+00:00,2023-08-13 23:00:00+00:00,2023-09-03 23:00:00+00:00,2,1.25,1.5,1.5,0.6186934911875402,322,13,-0.0166193805704008,-4.309324824846701
26,2023-06-11 23:00:00+00:00,2023-09-03 23:00:00+00:00,2023-09-03 23:00:00+00:00,2023-09-24 23:00:00+00:00,2,1.25,2.5,1.5,0.25346365520082015,341,10,-0.019172241956285307,-7.597711020044156
27,2023-07-02 23:00:00+00:00,2023-09-24 23:00:00+00:00,2023-09-24 23:00:00+00:00,2023-10-15 23:00:00+00:00,2,2.0,1.5,1.5,-0.5028051724272223,345,9,-0.025476536673143646,-5.362247106226343
28,2023-07-23 23:00:00+00:00,2023-10-15 23:00:00+00:00,2023-10-15 23:00:00+00:00,2023-11-05 23:00:00+00:00,4,2.0,1.0,1.5,-0.6083759139366838,321,3,0.0013639293574223554,0.9837455269199834
29,2023-08-13 23:00:00+00:00,2023-11-05 23:00:00+00:00,2023-11-05 23:00:00+00:00,2023-11-26 23:00:00+00:00,4,0.75,1.0,1.5,-0.8680258509951284,338,4,-0.007853444130059617,-6.553020418195547
30,2023-09-03 23:00:00+00:00,2023-11-26 23:00:00+00:00,2023-11-26 23:00:00+00:00,2023-12-17 23:00:00+00:00,4,0.75,1.0,1.5,-0.4233040404517657,322,4,-0.0033194643754181907,-1.7562138522124964
31,2023-09-24 23:00:00+00:00,2023-12-17 23:00:00+00:00,2023-12-17 23:00:00+00:00,2024-01-07 23:00:00+00:00,4,2.0,1.0,1.5,-1.2358668841609286,299,1,0.000320888453281043,1.4483584470794235
32,2023-10-15 23:00:00+00:00,2024-01-07 23:00:00+00:00,2024-01-07 23:00:00+00:00,2024-01-28 23:00:00+00:00,3,0.75,1.0,1.5,0.5488779365488509,341,8,-0.009048409975105254,-4.627663547647813
33,2023-11-05 23:00:00+00:00,2024-01-28 23:00:00+00:00,2024-01-28 23:00:00+00:00,2024-02-18 23:00:00+00:00,3,0.75,2.5,1.5,-0.15058751372410825,322,10,0.0002469010111847414,0.11492199929954192
34,2023-11-26 23:00:00+00:00,2024-02-18 23:00:00+00:00,2024-02-18 23:00:00+00:00,2024-03-10 23:00:00+00:00,3,1.25,2.5,1.5,0.697188982225529,319,5,0.0014645161289350561,0.5294842379109292
35,2023-12-17 23:00:00+00:00,2024-03-10 23:00:00+00:00,2024-03-10 23:00:00+00:00,2024-03-31 23:00:00+00:00,3,1.25,1.5,1.5,0.4948265086642566,321,5,-0.0007010624419503397,-0.6805084127478163
36,2024-01-07 23:00:00+00:00,2024-03-31 23:00:00+00:00,2024-03-31 23:00:00+00:00,2024-04-21 23:00:00+00:00,3,1.25,2.5,1.5,-0.2642717906382891,344,5,-0.016528451936466237,-5.5063758134891465
37,2024-01-28 23:00:00+00:00,2024-04-21 23:00:00+00:00,2024-04-21 23:00:00+00:00,2024-05-12 23:00:00+00:00,4,0.75,1.0,1.5,0.105804408109576,322,5,0.00045760104932623946,0.3827062550772951
38,2024-02-18 23:00:00+00:00,2024-05-12 23:00:00+00:00,2024-05-12 23:00:00+00:00,2024-06-02 23:00:00+00:00,3,1.25,1.0,1.5,1.0572213261319872,320,7,-0.006235890554389667,-4.147100680536768
39,2024-03-10 23:00:00+00:00,2024-06-02 23:00:00+00:00,2024-06-02 23:00:00+00:00,2024-06-23 23:00:00+00:00,3,2.0,2.5,1.5,0.8355765635064475,341,7,-0.021724573602127983,-7.923550199990886
40,2024-03-31 23:00:00+00:00,2024-06-23 23:00:00+00:00,2024-06-23 23:00:00+00:00,2024-07-14 23:00:00+00:00,4,2.0,1.0,1.5,0.193742082209047,336,5,-0.0015795966366812797,-0.9724774217497691
41,2024-04-21 23:00:00+00:00,2024-07-14 23:00:00+00:00,2024-07-14 23:00:00+00:00,2024-08-04 23:00:00+00:00,4,2.0,1.0,1.5,-0.2788957431746126,322,4,0.011091176978589745,3.3187778092273823
42,2024-05-12 23:00:00+00:00,2024-08-04 23:00:00+00:00,2024-08-04 23:00:00+00:00,2024-08-25 23:00:00+00:00,4,2.0,1.0,1.5,0.6583439632010715,345,6,-0.016078198810902333,-4.204682899969588
43,2024-06-02 23:00:00+00:00,2024-08-25 23:00:00+00:00,2024-08-25 23:00:00+00:00,2024-09-15 23:00:00+00:00,4,0.75,1.5,1.5,-0.053846601984594275,341,5,-0.012335922235036989,-5.144417616449137
44,2024-06-23 23:00:00+00:00,2024-09-15 23:00:00+00:00,2024-09-15 23:00:00+00:00,2024-10-06 23:00:00+00:00,4,0.75,2.5,1.5,-0.9266366833400095,322,2,0.0014898928851783122,1.5396870842530193
45,2024-07-14 23:00:00+00:00,2024-10-06 23:00:00+00:00,2024-10-06 23:00:00+00:00,2024-10-27 23:00:00+00:00,3,2.0,2.5,1.5,0.26469670711634147,345,4,-0.005225444361833476,-4.735419631025209
46,2024-08-04 23:00:00+00:00,2024-10-27 23:00:00+00:00,2024-10-27 23:00:00+00:00,2024-11-17 23:00:00+00:00,3,2.0,1.5,1.5,-0.8304652937641719,321,4,-0.0018759798617296042,-1.0657192341480184
47,2024-08-25 23:00:00+00:00,2024-11-17 23:00:00+00:00,2024-11-17 23:00:00+00:00,2024-12-08 23:00:00+00:00,2,2.0,1.0,1.5,0.31220304892251266,338,5,-0.01047347124686937,-6.7247402953065265
48,2024-09-15 23:00:00+00:00,2024-12-08 23:00:00+00:00,2024-12-08 23:00:00+00:00,2024-12-29 23:00:00+00:00,3,2.0,1.5,1.5,0.36662699520679465,319,8,-0.04553780131686769,-8.41923126280288
