fold,train_start,train_end,test_start,test_end,drift_lookback,drift_mult,train_sharpe,test_bars
1,2022-01-02 23:00:00+00:00,2022-03-27 23:00:00+00:00,2022-03-27 23:00:00+00:00,2022-04-17 23:00:00+00:00,72,1.6,2.5913688349257216,3864
2,2022-01-23 23:00:00+00:00,2022-04-17 23:00:00+00:00,2022-04-17 23:00:00+00:00,2022-05-08 23:00:00+00:00,288,1.6,-0.6904793554121361,4140
3,2022-02-13 23:00:00+00:00,2022-05-08 23:00:00+00:00,2022-05-08 23:00:00+00:00,2022-05-29 23:00:00+00:00,288,1.6,-0.2194304254279011,4140
4,2022-03-06 23:00:00+00:00,2022-05-29 23:00:00+00:00,2022-05-29 23:00:00+00:00,2022-06-19 23:00:00+00:00,288,1.6,2.2766246276787236,4092
5,2022-03-27 23:00:00+00:00,2022-06-19 23:00:00+00:00,2022-06-19 23:00:00+00:00,2022-07-10 23:00:00+00:00,72,1.0,3.25310189475308,4044
6,2022-04-17 23:00:00+00:00,2022-07-10 23:00:00+00:00,2022-07-10 23:00:00+00:00,2022-07-31 23:00:00+00:00,72,1.0,3.6907037420727207,4140
7,2022-05-08 23:00:00+00:00,2022-07-31 23:00:00+00:00,2022-07-31 23:00:00+00:00,2022-08-21 23:00:00+00:00,72,1.0,3.5432385454436224,4140
8,2022-05-29 23:00:00+00:00,2022-08-21 23:00:00+00:00,2022-08-21 23:00:00+00:00,2022-09-11 23:00:00+00:00,72,1.0,3.8550658696906477,4092
9,2022-06-19 23:00:00+00:00,2022-09-11 23:00:00+00:00,2022-09-11 23:00:00+00:00,2022-10-02 23:00:00+00:00,72,1.0,-1.0709682188554077,4140
10,2022-07-10 23:00:00+00:00,2022-10-02 23:00:00+00:00,2022-10-02 23:00:00+00:00,2022-10-23 23:00:00+00:00,72,0.75,-1.1419048045277143,4140
11,2022-07-31 23:00:00+00:00,2022-10-23 23:00:00+00:00,2022-10-23 23:00:00+00:00,2022-11-13 23:00:00+00:00,288,1.25,-1.2682915541764843,4128
12,2022-08-21 23:00:00+00:00,2022-11-13 23:00:00+00:00,2022-11-13 23:00:00+00:00,2022-12-04 23:00:00+00:00,72,1.25,-0.9207929525314984,4047
13,2022-09-11 23:00:00+00:00,2022-12-04 23:00:00+00:00,2022-12-04 23:00:00+00:00,2022-12-25 23:00:00+00:00,72,0.75,-1.036809470115877,4140
14,2022-10-02 23:00:00+00:00,2022-12-25 23:00:00+00:00,2022-12-25 23:00:00+00:00,2023-01-15 23:00:00+00:00,144,1.25,1.2026885627006518,3588
15,2022-10-23 23:00:00+00:00,2023-01-15 23:00:00+00:00,2023-01-15 23:00:00+00:00,2023-02-05 23:00:00+00:00,144,1.0,1.5448942459770076,3816
16,2022-11-13 23:00:00+00:00,2023-02-05 23:00:00+00:00,2023-02-05 23:00:00+00:00,2023-02-26 23:00:00+00:00,288,1.6,1.3247335265768527,4092
17,2022-12-04 23:00:00+00:00,2023-02-26 23:00:00+00:00,2023-02-26 23:00:00+00:00,2023-03-19 23:00:00+00:00,432,1.6,1.820525583765679,3876
18,2022-12-25 23:00:00+00:00,2023-03-19 23:00:00+00:00,2023-03-19 23:00:00+00:00,2023-04-09 23:00:00+00:00,72,0.75,1.4143337483069915,3795
19,2023-01-15 23:00:00+00:00,2023-04-09 23:00:00+00:00,2023-04-09 23:00:00+00:00,2023-04-30 23:00:00+00:00,72,1.25,-0.6799904068635872,4128
20,2023-02-05 23:00:00+00:00,2023-04-30 23:00:00+00:00,2023-04-30 23:00:00+00:00,2023-05-21 23:00:00+00:00,72,1.25,-0.6732823133304651,4128
21,2023-02-26 23:00:00+00:00,2023-05-21 23:00:00+00:00,2023-05-21 23:00:00+00:00,2023-06-11 23:00:00+00:00,432,1.6,-1.7130545248478866,3816
22,2023-03-19 23:00:00+00:00,2023-06-11 23:00:00+00:00,2023-06-11 23:00:00+00:00,2023-07-02 23:00:00+00:00,432,1.6,0.8384413567946711,3840
23,2023-04-09 23:00:00+00:00,2023-07-02 23:00:00+00:00,2023-07-02 23:00:00+00:00,2023-07-23 23:00:00+00:00,432,1.6,1.6517748952992084,4047
24,2023-04-30 23:00:00+00:00,2023-07-23 23:00:00+00:00,2023-07-23 23:00:00+00:00,2023-08-13 23:00:00+00:00,144,1.25,0.0788747989307439,3864
25,2023-05-21 23:00:00+00:00,2023-08-13 23:00:00+00:00,2023-08-13 23:00:00+00:00,2023-09-03 23:00:00+00:00,144,1.0,0.6936656377339868,3864
26,2023-06-11 23:00:00+00:00,2023-09-03 23:00:00+00:00,2023-09-03 23:00:00+00:00,2023-09-24 23:00:00+00:00,144,1.25,-0.7826440211078051,4092
27,2023-07-02 23:00:00+00:00,2023-09-24 23:00:00+00:00,2023-09-24 23:00:00+00:00,2023-10-15 23:00:00+00:00,144,1.25,-1.6730209144509642,4140
28,2023-07-23 23:00:00+00:00,2023-10-15 23:00:00+00:00,2023-10-15 23:00:00+00:00,2023-11-05 23:00:00+00:00,144,1.25,-0.9996708952071447,3852
29,2023-08-13 23:00:00+00:00,2023-11-05 23:00:00+00:00,2023-11-05 23:00:00+00:00,2023-11-26 23:00:00+00:00,144,1.6,-1.4675762387309426,4047
30,2023-09-03 23:00:00+00:00,2023-11-26 23:00:00+00:00,2023-11-26 23:00:00+00:00,2023-12-17 23:00:00+00:00,144,1.6,-1.459228212466779,3864
31,2023-09-24 23:00:00+00:00,2023-12-17 23:00:00+00:00,2023-12-17 23:00:00+00:00,2024-01-07 23:00:00+00:00,432,1.6,-2.6030178766438676,3588
32,2023-10-15 23:00:00+00:00,2024-01-07 23:00:00+00:00,2024-01-07 23:00:00+00:00,2024-01-28 23:00:00+00:00,288,1.25,-2.371924480085588,4092
33,2023-11-05 23:00:00+00:00,2024-01-28 23:00:00+00:00,2024-01-28 23:00:00+00:00,2024-02-18 23:00:00+00:00,72,1.25,-2.0760480878698475,3864
34,2023-11-26 23:00:00+00:00,2024-02-18 23:00:00+00:00,2024-02-18 23:00:00+00:00,2024-03-10 23:00:00+00:00,72,1.25,-2.088340226912155,3828
35,2023-12-17 23:00:00+00:00,2024-03-10 23:00:00+00:00,2024-03-10 23:00:00+00:00,2024-03-31 23:00:00+00:00,144,1.0,-1.936611340856933,3852
36,2024-01-07 23:00:00+00:00,2024-03-31 23:00:00+00:00,2024-03-31 23:00:00+00:00,2024-04-21 23:00:00+00:00,144,1.0,-1.0616965413072932,4128
37,2024-01-28 23:00:00+00:00,2024-04-21 23:00:00+00:00,2024-04-21 23:00:00+00:00,2024-05-12 23:00:00+00:00,72,1.0,-1.0044311528193675,3864
38,2024-02-18 23:00:00+00:00,2024-05-12 23:00:00+00:00,2024-05-12 23:00:00+00:00,2024-06-02 23:00:00+00:00,72,1.0,-1.0044311528193677,3840
39,2024-03-10 23:00:00+00:00,2024-06-02 23:00:00+00:00,2024-06-02 23:00:00+00:00,2024-06-23 23:00:00+00:00,72,1.0,-2.1190552542114105,4092
40,2024-03-31 23:00:00+00:00,2024-06-23 23:00:00+00:00,2024-06-23 23:00:00+00:00,2024-07-14 23:00:00+00:00,72,1.6,-0.4825309045203462,4023
41,2024-04-21 23:00:00+00:00,2024-07-14 23:00:00+00:00,2024-07-14 23:00:00+00:00,2024-08-04 23:00:00+00:00,72,1.6,-0.4841295809849164,3864
42,2024-05-12 23:00:00+00:00,2024-08-04 23:00:00+00:00,2024-08-04 23:00:00+00:00,2024-08-25 23:00:00+00:00,72,1.25,-0.8312877633484228,4140
43,2024-06-02 23:00:00+00:00,2024-08-25 23:00:00+00:00,2024-08-25 23:00:00+00:00,2024-09-15 23:00:00+00:00,72,1.25,-3.0752654842545257,4092
44,2024-06-23 23:00:00+00:00,2024-09-15 23:00:00+00:00,2024-09-15 23:00:00+00:00,2024-10-06 23:00:00+00:00,72,1.25,-3.0393985790734406,3864
45,2024-07-14 23:00:00+00:00,2024-10-06 23:00:00+00:00,2024-10-06 23:00:00+00:00,2024-10-27 23:00:00+00:00,72,1.25,-2.724536103800133,4140
46,2024-08-04 23:00:00+00:00,2024-10-27 23:00:00+00:00,2024-10-27 23:00:00+00:00,2024-11-17 23:00:00+00:00,72,1.25,0.640042753947723,3852
47,2024-08-25 23:00:00+00:00,2024-11-17 23:00:00+00:00,2024-11-17 23:00:00+00:00,2024-12-08 23:00:00+00:00,72,1.25,0.8716144607465441,4047
48,2024-09-15 23:00:00+00:00,2024-12-08 23:00:00+00:00,2024-12-08 23:00:00+00:00,2024-12-29 23:00:00+00:00,144,1.25,0.6535007797107427,3819
49,2024-10-06 23:00:00+00:00,2024-12-29 23:00:00+00:00,2024-12-29 23:00:00+00:00,2025-01-19 23:00:00+00:00,72,1.0,-0.31288438701713833,3510
50,2024-10-27 23:00:00+00:00,2025-01-19 23:00:00+00:00,2025-01-19 23:00:00+00:00,2025-02-09 23:00:00+00:00,72,1.6,-0.27857668985634737,3828
51,2024-11-17 23:00:00+00:00,2025-02-09 23:00:00+00:00,2025-02-09 23:00:00+00:00,2025-03-02 23:00:00+00:00,72,1.6,2.321485433612176,3828
52,2024-12-08 23:00:00+00:00,2025-03-02 23:00:00+00:00,2025-03-02 23:00:00+00:00,2025-03-23 23:00:00+00:00,72,1.6,2.3383879101873677,4152
53,2024-12-29 23:00:00+00:00,2025-03-23 23:00:00+00:00,2025-03-23 23:00:00+00:00,2025-04-13 23:00:00+00:00,72,1.6,2.8475977708077718,3864
54,2025-01-19 23:00:00+00:00,2025-04-13 23:00:00+00:00,2025-04-13 23:00:00+00:00,2025-05-04 23:00:00+00:00,72,1.6,2.815251598446679,3588
55,2025-02-09 23:00:00+00:00,2025-05-04 23:00:00+00:00,2025-05-04 23:00:00+00:00,2025-05-25 23:00:00+00:00,432,1.25,-0.763701021623078,4140
56,2025-03-02 23:00:00+00:00,2025-05-25 23:00:00+00:00,2025-05-25 23:00:00+00:00,2025-06-15 23:00:00+00:00,72,1.25,1.1273651269918123,4092
57,2025-03-23 23:00:00+00:00,2025-06-15 23:00:00+00:00,2025-06-15 23:00:00+00:00,2025-07-06 23:00:00+00:00,72,1.0,0.8105844439292589,3723
58,2025-04-13 23:00:00+00:00,2025-07-06 23:00:00+00:00,2025-07-06 23:00:00+00:00,2025-07-27 23:00:00+00:00,144,1.6,1.4372466060553237,4140
59,2025-05-04 23:00:00+00:00,2025-07-27 23:00:00+00:00,2025-07-27 23:00:00+00:00,2025-08-17 23:00:00+00:00,144,1.6,1.5712261123444329,3864
60,2025-05-25 23:00:00+00:00,2025-08-17 23:00:00+00:00,2025-08-17 23:00:00+00:00,2025-09-07 23:00:00+00:00,144,1.6,-0.4492543039736522,4068
61,2025-06-15 23:00:00+00:00,2025-09-07 23:00:00+00:00,2025-09-07 23:00:00+00:00,2025-09-28 23:00:00+00:00,144,1.6,-0.25359455450796237,4140
62,2025-07-06 23:00:00+00:00,2025-09-28 23:00:00+00:00,2025-09-28 23:00:00+00:00,2025-10-19 23:00:00+00:00,144,1.6,1.8090438391051524,3864
63,2025-07-27 23:00:00+00:00,2025-10-19 23:00:00+00:00,2025-10-19 23:00:00+00:00,2025-11-09 23:00:00+00:00,144,1.6,1.8246420253032989,3876
64,2025-08-17 23:00:00+00:00,2025-11-09 23:00:00+00:00,2025-11-09 23:00:00+00:00,2025-11-30 23:00:00+00:00,144,1.6,1.594905332456872,3918
65,2025-09-07 23:00:00+00:00,2025-11-30 23:00:00+00:00,2025-11-30 23:00:00+00:00,2025-12-21 23:00:00+00:00,144,1.6,3.644158936900663,4128
