fold,train_start,train_end,test_start,test_end,fast_ma,slow_ma,train_sharpe,test_bars,oos_trades,oos_return,oos_sharpe
1,2022-01-02 23:00:00+00:00,2022-03-27 23:00:00+00:00,2022-03-27 23:00:00+00:00,2022-04-17 23:00:00+00:00,288,1728,0.22450457587591408,1288,10,-0.020077055145098388,-2.484392884659441
2,2022-01-23 23:00:00+00:00,2022-04-17 23:00:00+00:00,2022-04-17 23:00:00+00:00,2022-05-08 23:00:00+00:00,192,1728,1.2727144372421446,1380,0,0.0,0.0
3,2022-02-13 23:00:00+00:00,2022-05-08 23:00:00+00:00,2022-05-08 23:00:00+00:00,2022-05-29 23:00:00+00:00,192,1728,1.2727144372421444,1380,0,0.0,0.0
4,2022-03-06 23:00:00+00:00,2022-05-29 23:00:00+00:00,2022-05-29 23:00:00+00:00,2022-06-19 23:00:00+00:00,384,768,1.0623221593723373,1364,8,0.0083307361191578,0.9886353985767403
5,2022-03-27 23:00:00+00:00,2022-06-19 23:00:00+00:00,2022-06-19 23:00:00+00:00,2022-07-10 23:00:00+00:00,384,768,0.38536787759420416,1348,8,0.00018799033274952137,0.09791034121848928
6,2022-04-17 23:00:00+00:00,2022-07-10 23:00:00+00:00,2022-07-10 23:00:00+00:00,2022-07-31 23:00:00+00:00,384,768,0.32039646590039306,1380,12,0.04769492039279921,4.735718377972402
7,2022-05-08 23:00:00+00:00,2022-07-31 23:00:00+00:00,2022-07-31 23:00:00+00:00,2022-08-21 23:00:00+00:00,288,768,2.3993016249320065,1380,15,0.0017600562125359431,0.26933569691008435
8,2022-05-29 23:00:00+00:00,2022-08-21 23:00:00+00:00,2022-08-21 23:00:00+00:00,2022-09-11 23:00:00+00:00,384,1728,2.4557096059480843,1364,2,-0.010927016419229219,-3.311530954469932
9,2022-06-19 23:00:00+00:00,2022-09-11 23:00:00+00:00,2022-09-11 23:00:00+00:00,2022-10-02 23:00:00+00:00,288,768,2.460243707012091,1380,4,-0.03420880444266494,-5.617539957321677
10,2022-07-10 23:00:00+00:00,2022-10-02 23:00:00+00:00,2022-10-02 23:00:00+00:00,2022-10-23 23:00:00+00:00,192,1152,1.177987912730306,1380,5,-0.04372534045869492,-6.794845474899851
11,2022-07-31 23:00:00+00:00,2022-10-23 23:00:00+00:00,2022-10-23 23:00:00+00:00,2022-11-13 23:00:00+00:00,192,768,-0.551892662409348,1376,9,0.02276271423780396,2.3839111349021205
12,2022-08-21 23:00:00+00:00,2022-11-13 23:00:00+00:00,2022-11-13 23:00:00+00:00,2022-12-04 23:00:00+00:00,192,768,0.40254438401567777,1349,11,-0.03164560817181605,-3.9997154186684134
13,2022-09-11 23:00:00+00:00,2022-12-04 23:00:00+00:00,2022-12-04 23:00:00+00:00,2022-12-25 23:00:00+00:00,192,1728,-0.0771052892458306,1380,4,-0.05552524595789976,-8.119149433372101
14,2022-10-02 23:00:00+00:00,2022-12-25 23:00:00+00:00,2022-12-25 23:00:00+00:00,2023-01-15 23:00:00+00:00,192,768,-1.6045244709639093,1196,5,0.040368153095357684,6.8296130144004294
15,2022-10-23 23:00:00+00:00,2023-01-15 23:00:00+00:00,2023-01-15 23:00:00+00:00,2023-02-05 23:00:00+00:00,192,1728,0.43519712004104366,1272,14,0.06274179933586921,6.562133734194877
16,2022-11-13 23:00:00+00:00,2023-02-05 23:00:00+00:00,2023-02-05 23:00:00+00:00,2023-02-26 23:00:00+00:00,384,1728,3.4104863361559254,1364,12,-0.013190786002562516,-1.3493797535757215
17,2022-12-04 23:00:00+00:00,2023-02-26 23:00:00+00:00,2023-02-26 23:00:00+00:00,2023-03-19 23:00:00+00:00,384,1152,4.1266225191515815,1292,5,-0.010921333779771003,-1.7277757104389369
18,2022-12-25 23:00:00+00:00,2023-03-19 23:00:00+00:00,2023-03-19 23:00:00+00:00,2023-04-09 23:00:00+00:00,288,1152,2.912550774747285,1265,13,0.009251208231873198,1.2284158633019022
19,2023-01-15 23:00:00+00:00,2023-04-09 23:00:00+00:00,2023-04-09 23:00:00+00:00,2023-04-30 23:00:00+00:00,288,1728,1.8667698552726761,1376,11,-0.011788541886968984,-1.9209598090616482
20,2023-02-05 23:00:00+00:00,2023-04-30 23:00:00+00:00,2023-04-30 23:00:00+00:00,2023-05-21 23:00:00+00:00,288,1728,0.8342477606377814,1376,15,0.008769547577878622,1.4344837889922826
21,2023-02-26 23:00:00+00:00,2023-05-21 23:00:00+00:00,2023-05-21 23:00:00+00:00,2023-06-11 23:00:00+00:00,288,768,2.026180622371104,1272,14,-0.01306017537154247,-1.925758470867994
22,2023-03-19 23:00:00+00:00,2023-06-11 23:00:00+00:00,2023-06-11 23:00:00+00:00,2023-07-02 23:00:00+00:00,384,768,0.547988193329153,1280,10,0.020936754248072287,3.7815717682012244
23,2023-04-09 23:00:00+00:00,2023-07-02 23:00:00+00:00,2023-07-02 23:00:00+00:00,2023-07-23 23:00:00+00:00,288,1728,1.2857303507872149,1349,15,-0.018379277706458086,-2.901369207448082
24,2023-04-30 23:00:00+00:00,2023-07-23 23:00:00+00:00,2023-07-23 23:00:00+00:00,2023-08-13 23:00:00+00:00,192,768,-0.16023435296492058,1288,2,-0.009423150267916736,-4.114662842260323
25,2023-05-21 23:00:00+00:00,2023-08-13 23:00:00+00:00,2023-08-13 23:00:00+00:00,2023-09-03 23:00:00+00:00,288,1152,-1.3469112937315468,1288,6,-0.01782953795061426,-3.901661231086786
26,2023-06-11 23:00:00+00:00,2023-09-03 23:00:00+00:00,2023-09-03 23:00:00+00:00,2023-09-24 23:00:00+00:00,384,768,-0.36773342321979235,1364,10,-0.03482976486525169,-6.686443702271756
27,2023-07-02 23:00:00+00:00,2023-09-24 23:00:00+00:00,2023-09-24 23:00:00+00:00,2023-10-15 23:00:00+00:00,288,768,-2.365006437500543,1380,8,-0.014368063457217417,-2.241805735697912
28,2023-07-23 23:00:00+00:00,2023-10-15 23:00:00+00:00,2023-10-15 23:00:00+00:00,2023-11-05 23:00:00+00:00,384,768,-0.10214724910404305,1284,4,0.008679593095507476,2.5336338450575355
29,2023-08-13 23:00:00+00:00,2023-11-05 23:00:00+00:00,2023-11-05 23:00:00+00:00,2023-11-26 23:00:00+00:00,384,768,0.34082813265671896,1349,15,0.007938703141951775,1.569403951753025
30,2023-09-03 23:00:00+00:00,2023-11-26 23:00:00+00:00,2023-11-26 23:00:00+00:00,2023-12-17 23:00:00+00:00,192,768,0.9177590960386586,1288,9,0.010708950908597803,2.4465876630927146
31,2023-09-24 23:00:00+00:00,2023-12-17 23:00:00+00:00,2023-12-17 23:00:00+00:00,2024-01-07 23:00:00+00:00,192,768,2.6858976526818643,1196,10,-0.03189273611007348,-8.32041441748877
32,2023-10-15 23:00:00+00:00,2024-01-07 23:00:00+00:00,2024-01-07 23:00:00+00:00,2024-01-28 23:00:00+00:00,288,768,-0.24069166383038212,1364,12,0.011164020150964626,2.072992678274327
33,2023-11-05 23:00:00+00:00,2024-01-28 23:00:00+00:00,2024-01-28 23:00:00+00:00,2024-02-18 23:00:00+00:00,192,1728,-0.2614309487089149,1288,14,0.01609640830832615,2.713395992801001
34,2023-11-26 23:00:00+00:00,2024-02-18 23:00:00+00:00,2024-02-18 23:00:00+00:00,2024-03-10 23:00:00+00:00,288,768,0.6996305377753349,1276,9,-0.015706600197847975,-3.3449317746531304
35,2023-12-17 23:00:00+00:00,2024-03-10 23:00:00+00:00,2024-03-10 23:00:00+00:00,2024-03-31 23:00:00+00:00,384,1152,0.8612612301211331,1284,14,0.0031026344348883406,0.5764055275851546
36,2024-01-07 23:00:00+00:00,2024-03-31 23:00:00+00:00,2024-03-31 23:00:00+00:00,2024-04-21 23:00:00+00:00,384,1152,-0.23350115822176706,1376,3,0.003061206288723861,1.2303375269429129
37,2024-01-28 23:00:00+00:00,2024-04-21 23:00:00+00:00,2024-04-21 23:00:00+00:00,2024-05-12 23:00:00+00:00,384,1152,-0.7928562146182965,1288,7,0.009775417801310082,2.6775778325105812
38,2024-02-18 23:00:00+00:00,2024-05-12 23:00:00+00:00,2024-05-12 23:00:00+00:00,2024-06-02 23:00:00+00:00,384,1152,0.37286712546789275,1280,14,0.0008606642015127619,0.22283734033181254
39,2024-03-10 23:00:00+00:00,2024-06-02 23:00:00+00:00,2024-06-02 23:00:00+00:00,2024-06-23 23:00:00+00:00,384,1152,0.7688833951698957,1364,12,0.003076398076867326,0.6232199641289221
40,2024-03-31 23:00:00+00:00,2024-06-23 23:00:00+00:00,2024-06-23 23:00:00+00:00,2024-07-14 23:00:00+00:00,192,1728,1.3193649219994479,1341,15,-0.004742510753882545,-0.7084516860139775
41,2024-04-21 23:00:00+00:00,2024-07-14 23:00:00+00:00,2024-07-14 23:00:00+00:00,2024-08-04 23:00:00+00:00,384,768,0.7409630753895359,1288,2,-0.0038271057387587737,-1.5426646823689452
42,2024-05-12 23:00:00+00:00,2024-08-04 23:00:00+00:00,2024-08-04 23:00:00+00:00,2024-08-25 23:00:00+00:00,288,768,-0.41706929917851354,1380,9,0.018614400770404993,2.993334540165467
43,2024-06-02 23:00:00+00:00,2024-08-25 23:00:00+00:00,2024-08-25 23:00:00+00:00,2024-09-15 23:00:00+00:00,288,768,0.7200089267781825,1364,2,-0.008519925495024894,-3.4797501876883112
44,2024-06-23 23:00:00+00:00,2024-09-15 23:00:00+00:00,2024-09-15 23:00:00+00:00,2024-10-06 23:00:00+00:00,192,768,0.538773147698466,1288,11,-0.02838764300093355,-4.646811830417347
45,2024-07-14 23:00:00+00:00,2024-10-06 23:00:00+00:00,2024-10-06 23:00:00+00:00,2024-10-27 23:00:00+00:00,192,768,-0.31857468883671336,1380,11,-0.00963414885359537,-1.8412296801285883
46,2024-08-04 23:00:00+00:00,2024-10-27 23:00:00+00:00,2024-10-27 23:00:00+00:00,2024-11-17 23:00:00+00:00,192,768,-1.5721478558003597,1284,11,-0.012338249795001976,-2.836477371854826
47,2024-08-25 23:00:00+00:00,2024-11-17 23:00:00+00:00,2024-11-17 23:00:00+00:00,2024-12-08 23:00:00+00:00,192,1728,-1.874399130329191,1349,12,0.004834986997473756,1.2431443128977042
48,2024-09-15 23:00:00+00:00,2024-12-08 23:00:00+00:00,2024-12-08 23:00:00+00:00,2024-12-29 23:00:00+00:00,288,1152,-0.29682452375997276,1273,12,-0.0367696556738506,-5.195556148285466
