fold,train_start,train_end,test_start,test_end,mom_lookback,entry_t,train_sharpe,test_bars
1,2022-01-02 23:00:00+00:00,2022-03-27 23:00:00+00:00,2022-03-27 23:00:00+00:00,2022-04-17 23:00:00+00:00,192,0.5,1.6769863309138036,1288
2,2022-01-23 23:00:00+00:00,2022-04-17 23:00:00+00:00,2022-04-17 23:00:00+00:00,2022-05-08 23:00:00+00:00,24,1.5,2.725846193770346,1380
3,2022-02-13 23:00:00+00:00,2022-05-08 23:00:00+00:00,2022-05-08 23:00:00+00:00,2022-05-29 23:00:00+00:00,24,1.0,2.241728916220266,1380
4,2022-03-06 23:00:00+00:00,2022-05-29 23:00:00+00:00,2022-05-29 23:00:00+00:00,2022-06-19 23:00:00+00:00,24,0.5,1.7275403974957786,1364
5,2022-03-27 23:00:00+00:00,2022-06-19 23:00:00+00:00,2022-06-19 23:00:00+00:00,2022-07-10 23:00:00+00:00,96,2.0,1.467497822641121,1348
6,2022-04-17 23:00:00+00:00,2022-07-10 23:00:00+00:00,2022-07-10 23:00:00+00:00,2022-07-31 23:00:00+00:00,48,1.0,1.9339119165278371,1380
7,2022-05-08 23:00:00+00:00,2022-07-31 23:00:00+00:00,2022-07-31 23:00:00+00:00,2022-08-21 23:00:00+00:00,96,1.0,2.586050762677412,1380
8,2022-05-29 23:00:00+00:00,2022-08-21 23:00:00+00:00,2022-08-21 23:00:00+00:00,2022-09-11 23:00:00+00:00,96,1.0,4.657156610033147,1364
9,2022-06-19 23:00:00+00:00,2022-09-11 23:00:00+00:00,2022-09-11 23:00:00+00:00,2022-10-02 23:00:00+00:00,96,1.0,3.787713334697589,1380
10,2022-07-10 23:00:00+00:00,2022-10-02 23:00:00+00:00,2022-10-02 23:00:00+00:00,2022-10-23 23:00:00+00:00,24,0.5,3.7170345629803423,1380
11,2022-07-31 23:00:00+00:00,2022-10-23 23:00:00+00:00,2022-10-23 23:00:00+00:00,2022-11-13 23:00:00+00:00,24,0.5,1.9626501474082776,1376
12,2022-08-21 23:00:00+00:00,2022-11-13 23:00:00+00:00,2022-11-13 23:00:00+00:00,2022-12-04 23:00:00+00:00,24,1.0,3.776087250231664,1349
13,2022-09-11 23:00:00+00:00,2022-12-04 23:00:00+00:00,2022-12-04 23:00:00+00:00,2022-12-25 23:00:00+00:00,24,1.0,3.7416650109537155,1380
14,2022-10-02 23:00:00+00:00,2022-12-25 23:00:00+00:00,2022-12-25 23:00:00+00:00,2023-01-15 23:00:00+00:00,48,1.0,3.402058388532021,1196
15,2022-10-23 23:00:00+00:00,2023-01-15 23:00:00+00:00,2023-01-15 23:00:00+00:00,2023-02-05 23:00:00+00:00,24,1.0,2.9153347751240806,1272
16,2022-11-13 23:00:00+00:00,2023-02-05 23:00:00+00:00,2023-02-05 23:00:00+00:00,2023-02-26 23:00:00+00:00,96,2.0,1.9651703199867763,1364
17,2022-12-04 23:00:00+00:00,2023-02-26 23:00:00+00:00,2023-02-26 23:00:00+00:00,2023-03-19 23:00:00+00:00,192,2.0,1.626664638247893,1292
18,2022-12-25 23:00:00+00:00,2023-03-19 23:00:00+00:00,2023-03-19 23:00:00+00:00,2023-04-09 23:00:00+00:00,192,2.0,1.64057231612546,1265
19,2023-01-15 23:00:00+00:00,2023-04-09 23:00:00+00:00,2023-04-09 23:00:00+00:00,2023-04-30 23:00:00+00:00,192,2.0,1.6296374865378034,1376
20,2023-02-05 23:00:00+00:00,2023-04-30 23:00:00+00:00,2023-04-30 23:00:00+00:00,2023-05-21 23:00:00+00:00,192,1.0,1.6725323305015234,1376
21,2023-02-26 23:00:00+00:00,2023-05-21 23:00:00+00:00,2023-05-21 23:00:00+00:00,2023-06-11 23:00:00+00:00,96,2.0,2.254828383629849,1272
22,2023-03-19 23:00:00+00:00,2023-06-11 23:00:00+00:00,2023-06-11 23:00:00+00:00,2023-07-02 23:00:00+00:00,48,1.5,3.998740828662165,1280
23,2023-04-09 23:00:00+00:00,2023-07-02 23:00:00+00:00,2023-07-02 23:00:00+00:00,2023-07-23 23:00:00+00:00,48,0.5,4.3841994889649465,1349
24,2023-04-30 23:00:00+00:00,2023-07-23 23:00:00+00:00,2023-07-23 23:00:00+00:00,2023-08-13 23:00:00+00:00,48,0.5,4.414229356729725,1288
25,2023-05-21 23:00:00+00:00,2023-08-13 23:00:00+00:00,2023-08-13 23:00:00+00:00,2023-09-03 23:00:00+00:00,192,1.5,2.1656518887979623,1288
26,2023-06-11 23:00:00+00:00,2023-09-03 23:00:00+00:00,2023-09-03 23:00:00+00:00,2023-09-24 23:00:00+00:00,48,0.5,-0.8000331495754269,1364
27,2023-07-02 23:00:00+00:00,2023-09-24 23:00:00+00:00,2023-09-24 23:00:00+00:00,2023-10-15 23:00:00+00:00,24,2.0,0.6209512025143353,1380
28,2023-07-23 23:00:00+00:00,2023-10-15 23:00:00+00:00,2023-10-15 23:00:00+00:00,2023-11-05 23:00:00+00:00,24,1.5,3.0670243995233126,1284
29,2023-08-13 23:00:00+00:00,2023-11-05 23:00:00+00:00,2023-11-05 23:00:00+00:00,2023-11-26 23:00:00+00:00,24,1.5,1.2355499340398912,1349
30,2023-09-03 23:00:00+00:00,2023-11-26 23:00:00+00:00,2023-11-26 23:00:00+00:00,2023-12-17 23:00:00+00:00,96,2.0,2.426195594550952,1288
31,2023-09-24 23:00:00+00:00,2023-12-17 23:00:00+00:00,2023-12-17 23:00:00+00:00,2024-01-07 23:00:00+00:00,96,2.0,1.8739412775900808,1196
32,2023-10-15 23:00:00+00:00,2024-01-07 23:00:00+00:00,2024-01-07 23:00:00+00:00,2024-01-28 23:00:00+00:00,96,2.0,1.408591012189131,1364
33,2023-11-05 23:00:00+00:00,2024-01-28 23:00:00+00:00,2024-01-28 23:00:00+00:00,2024-02-18 23:00:00+00:00,96,2.0,3.8892708267929357,1288
34,2023-11-26 23:00:00+00:00,2024-02-18 23:00:00+00:00,2024-02-18 23:00:00+00:00,2024-03-10 23:00:00+00:00,96,2.0,2.349295746609919,1276
35,2023-12-17 23:00:00+00:00,2024-03-10 23:00:00+00:00,2024-03-10 23:00:00+00:00,2024-03-31 23:00:00+00:00,96,2.0,2.3270675867303594,1284
36,2024-01-07 23:00:00+00:00,2024-03-31 23:00:00+00:00,2024-03-31 23:00:00+00:00,2024-04-21 23:00:00+00:00,96,2.0,1.7327870158047507,1376
37,2024-01-28 23:00:00+00:00,2024-04-21 23:00:00+00:00,2024-04-21 23:00:00+00:00,2024-05-12 23:00:00+00:00,96,0.5,-0.8279418801641479,1288
38,2024-02-18 23:00:00+00:00,2024-05-12 23:00:00+00:00,2024-05-12 23:00:00+00:00,2024-06-02 23:00:00+00:00,192,0.5,-0.2501593882844541,1280
39,2024-03-10 23:00:00+00:00,2024-06-02 23:00:00+00:00,2024-06-02 23:00:00+00:00,2024-06-23 23:00:00+00:00,192,0.5,0.758882727435342,1364
40,2024-03-31 23:00:00+00:00,2024-06-23 23:00:00+00:00,2024-06-23 23:00:00+00:00,2024-07-14 23:00:00+00:00,192,0.5,1.3686066486686363,1341
41,2024-04-21 23:00:00+00:00,2024-07-14 23:00:00+00:00,2024-07-14 23:00:00+00:00,2024-08-04 23:00:00+00:00,24,2.0,1.1836075171770282,1288
42,2024-05-12 23:00:00+00:00,2024-08-04 23:00:00+00:00,2024-08-04 23:00:00+00:00,2024-08-25 23:00:00+00:00,24,2.0,1.9159707952406446,1380
43,2024-06-02 23:00:00+00:00,2024-08-25 23:00:00+00:00,2024-08-25 23:00:00+00:00,2024-09-15 23:00:00+00:00,48,2.0,1.9085811564632338,1364
44,2024-06-23 23:00:00+00:00,2024-09-15 23:00:00+00:00,2024-09-15 23:00:00+00:00,2024-10-06 23:00:00+00:00,192,1.5,1.1333660101908225,1288
45,2024-07-14 23:00:00+00:00,2024-10-06 23:00:00+00:00,2024-10-06 23:00:00+00:00,2024-10-27 23:00:00+00:00,48,0.5,1.1315158104523138,1380
46,2024-08-04 23:00:00+00:00,2024-10-27 23:00:00+00:00,2024-10-27 23:00:00+00:00,2024-11-17 23:00:00+00:00,192,1.5,1.6039064373183267,1284
47,2024-08-25 23:00:00+00:00,2024-11-17 23:00:00+00:00,2024-11-17 23:00:00+00:00,2024-12-08 23:00:00+00:00,192,1.5,1.275277088873061,1349
48,2024-09-15 23:00:00+00:00,2024-12-08 23:00:00+00:00,2024-12-08 23:00:00+00:00,2024-12-29 23:00:00+00:00,192,2.0,1.4041430346531387,1273
49,2024-10-06 23:00:00+00:00,2024-12-29 23:00:00+00:00,2024-12-29 23:00:00+00:00,2025-01-19 23:00:00+00:00,192,2.0,1.9371839982461776,1170
50,2024-10-27 23:00:00+00:00,2025-01-19 23:00:00+00:00,2025-01-19 23:00:00+00:00,2025-02-09 23:00:00+00:00,192,2.0,1.9768485579681796,1276
51,2024-11-17 23:00:00+00:00,2025-02-09 23:00:00+00:00,2025-02-09 23:00:00+00:00,2025-03-02 23:00:00+00:00,24,0.5,1.4910783811701813,1276
52,2024-12-08 23:00:00+00:00,2025-03-02 23:00:00+00:00,2025-03-02 23:00:00+00:00,2025-03-23 23:00:00+00:00,96,2.0,1.4008210841867248,1384
53,2024-12-29 23:00:00+00:00,2025-03-23 23:00:00+00:00,2025-03-23 23:00:00+00:00,2025-04-13 23:00:00+00:00,96,0.5,1.7799317835738215,1288
54,2025-01-19 23:00:00+00:00,2025-04-13 23:00:00+00:00,2025-04-13 23:00:00+00:00,2025-05-04 23:00:00+00:00,192,0.5,2.6587834040787155,1196
55,2025-02-09 23:00:00+00:00,2025-05-04 23:00:00+00:00,2025-05-04 23:00:00+00:00,2025-05-25 23:00:00+00:00,192,0.5,3.492842680961087,1380
56,2025-03-02 23:00:00+00:00,2025-05-25 23:00:00+00:00,2025-05-25 23:00:00+00:00,2025-06-15 23:00:00+00:00,192,0.5,2.727869048463932,1364
57,2025-03-23 23:00:00+00:00,2025-06-15 23:00:00+00:00,2025-06-15 23:00:00+00:00,2025-07-06 23:00:00+00:00,192,0.5,1.656385317653877,1241
58,2025-04-13 23:00:00+00:00,2025-07-06 23:00:00+00:00,2025-07-06 23:00:00+00:00,2025-07-27 23:00:00+00:00,96,1.5,1.0620467168886059,1380
59,2025-05-04 23:00:00+00:00,2025-07-27 23:00:00+00:00,2025-07-27 23:00:00+00:00,2025-08-17 23:00:00+00:00,96,1.5,0.6111622139910701,1288
60,2025-05-25 23:00:00+00:00,2025-08-17 23:00:00+00:00,2025-08-17 23:00:00+00:00,2025-09-07 23:00:00+00:00,48,1.5,0.793112772056372,1356
61,2025-06-15 23:00:00+00:00,2025-09-07 23:00:00+00:00,2025-09-07 23:00:00+00:00,2025-09-28 23:00:00+00:00,48,1.5,1.3802670987547905,1380
62,2025-07-06 23:00:00+00:00,2025-09-28 23:00:00+00:00,2025-09-28 23:00:00+00:00,2025-10-19 23:00:00+00:00,192,0.5,-0.25822285003010953,1288
63,2025-07-27 23:00:00+00:00,2025-10-19 23:00:00+00:00,2025-10-19 23:00:00+00:00,2025-11-09 23:00:00+00:00,24,2.0,2.9668352216891085,1292
64,2025-08-17 23:00:00+00:00,2025-11-09 23:00:00+00:00,2025-11-09 23:00:00+00:00,2025-11-30 23:00:00+00:00,24,2.0,-0.16012763385519738,1306
65,2025-09-07 23:00:00+00:00,2025-11-30 23:00:00+00:00,2025-11-30 23:00:00+00:00,2025-12-21 23:00:00+00:00,24,2.0,2.566370968406012,1376
