fold,train_start,train_end,test_start,test_end,band_lookback,entry_z,stop_sigma_mult,train_sharpe,test_bars,oos_trades,oos_return,oos_sharpe
1,2022-01-02 23:00:00+00:00,2022-03-27 23:00:00+00:00,2022-03-27 23:00:00+00:00,2022-04-17 23:00:00+00:00,60,3.0,1.0,2.8689110481799354,322,0,0.0,0.0
2,2022-01-23 23:00:00+00:00,2022-04-17 23:00:00+00:00,2022-04-17 23:00:00+00:00,2022-05-08 23:00:00+00:00,80,2.5,1.0,1.0367939793436316,345,0,0.0,0.0
3,2022-02-13 23:00:00+00:00,2022-05-08 23:00:00+00:00,2022-05-08 23:00:00+00:00,2022-05-29 23:00:00+00:00,80,2.5,1.0,1.5729516691646324,345,3,-0.006548120732774332,-4.297873971250893
4,2022-03-06 23:00:00+00:00,2022-05-29 23:00:00+00:00,2022-05-29 23:00:00+00:00,2022-06-19 23:00:00+00:00,80,2.5,1.5,0.20035343020952534,341,2,-0.015612515353270129,-3.9922142244485586
5,2022-03-27 23:00:00+00:00,2022-06-19 23:00:00+00:00,2022-06-19 23:00:00+00:00,2022-07-10 23:00:00+00:00,80,3.0,1.5,-1.118629104103212,337,1,-0.009344037893449397,-6.166555609273148
6,2022-04-17 23:00:00+00:00,2022-07-10 23:00:00+00:00,2022-07-10 23:00:00+00:00,2022-07-31 23:00:00+00:00,20,2.0,1.0,-0.8997607056090756,345,9,-0.04094241816302313,-11.736782196189756
7,2022-05-08 23:00:00+00:00,2022-07-31 23:00:00+00:00,2022-07-31 23:00:00+00:00,2022-08-21 23:00:00+00:00,60,3.0,1.0,0.16637907141310826,345,0,0.0,0.0
8,2022-05-29 23:00:00+00:00,2022-08-21 23:00:00+00:00,2022-08-21 23:00:00+00:00,2022-09-11 23:00:00+00:00,40,2.0,1.0,-0.5476826903392745,341,5,-0.015795136680925914,-7.080116341527927
9,2022-06-19 23:00:00+00:00,2022-09-11 23:00:00+00:00,2022-09-11 23:00:00+00:00,2022-10-02 23:00:00+00:00,40,2.5,1.0,-0.3413494116956754,345,3,-0.019892764378755867,-5.881539240162369
10,2022-07-10 23:00:00+00:00,2022-10-02 23:00:00+00:00,2022-10-02 23:00:00+00:00,2022-10-23 23:00:00+00:00,80,3.0,1.0,-0.7042664144700974,345,1,0.002250653196965491,3.9907088390262144
11,2022-07-31 23:00:00+00:00,2022-10-23 23:00:00+00:00,2022-10-23 23:00:00+00:00,2022-11-13 23:00:00+00:00,20,3.0,2.0,1.7745818046098896,344,2,-0.01256774576712505,-8.0790235306784
12,2022-08-21 23:00:00+00:00,2022-11-13 23:00:00+00:00,2022-11-13 23:00:00+00:00,2022-12-04 23:00:00+00:00,60,2.0,1.0,0.6226110960614311,338,7,-0.0116357102200072,-3.0610875381090343
13,2022-09-11 23:00:00+00:00,2022-12-04 23:00:00+00:00,2022-12-04 23:00:00+00:00,2022-12-25 23:00:00+00:00,60,2.0,1.0,1.3732655972810748,345,2,0.0030210508890702314,1.1806014129172375
14,2022-10-02 23:00:00+00:00,2022-12-25 23:00:00+00:00,2022-12-25 23:00:00+00:00,2023-01-15 23:00:00+00:00,80,2.0,1.0,1.6639002459511218,299,3,0.009382823511966176,4.106915236942748
15,2022-10-23 23:00:00+00:00,2023-01-15 23:00:00+00:00,2023-01-15 23:00:00+00:00,2023-02-05 23:00:00+00:00,80,2.5,1.0,1.09370535514038,341,3,-0.00947556924789772,-2.69734021766921
16,2022-11-13 23:00:00+00:00,2023-02-05 23:00:00+00:00,2023-02-05 23:00:00+00:00,2023-02-26 23:00:00+00:00,80,2.0,1.5,0.14482618570349545,341,3,0.005157796971086537,2.6175369908996755
17,2022-12-04 23:00:00+00:00,2023-02-26 23:00:00+00:00,2023-02-26 23:00:00+00:00,2023-03-19 23:00:00+00:00,20,3.0,2.0,1.8448555066652583,346,1,-0.0005629370983734061,-0.4570998214542127
18,2022-12-25 23:00:00+00:00,2023-03-19 23:00:00+00:00,2023-03-19 23:00:00+00:00,2023-04-09 23:00:00+00:00,20,3.0,1.0,2.3787965937297475,338,2,-0.0023653638944483024,-1.5958685723407138
19,2023-01-15 23:00:00+00:00,2023-04-09 23:00:00+00:00,2023-04-09 23:00:00+00:00,2023-04-30 23:00:00+00:00,40,3.0,1.0,2.474199125086194,345,2,-0.0019499389574590964,-5.454379852457407
20,2023-02-05 23:00:00+00:00,2023-04-30 23:00:00+00:00,2023-04-30 23:00:00+00:00,2023-05-21 23:00:00+00:00,20,3.0,1.0,2.764181273887323,345,5,0.006819717151016924,4.075569916487769
21,2023-02-26 23:00:00+00:00,2023-05-21 23:00:00+00:00,2023-05-21 23:00:00+00:00,2023-06-11 23:00:00+00:00,40,3.0,2.0,2.4752265642321647,341,2,-0.005727896638590413,-6.445834045174307
22,2023-03-19 23:00:00+00:00,2023-06-11 23:00:00+00:00,2023-06-11 23:00:00+00:00,2023-07-02 23:00:00+00:00,20,3.0,1.0,1.0324788558628102,341,2,-0.0020601002389913914,-4.003911072773743
23,2023-04-09 23:00:00+00:00,2023-07-02 23:00:00+00:00,2023-07-02 23:00:00+00:00,2023-07-23 23:00:00+00:00,20,3.0,1.0,1.314148033334483,338,3,0.005515768833906254,3.5341885494699596
24,2023-04-30 23:00:00+00:00,2023-07-23 23:00:00+00:00,2023-07-23 23:00:00+00:00,2023-08-13 23:00:00+00:00,20,3.0,1.0,0.2781485650578066,345,3,-0.0006836589247479763,-0.3969942931449791
25,2023-05-21 23:00:00+00:00,2023-08-13 23:00:00+00:00,2023-08-13 23:00:00+00:00,2023-09-03 23:00:00+00:00,40,2.5,1.0,3.2527077953025985,345,1,0.001224765695816643,2.5000607953283973
26,2023-06-11 23:00:00+00:00,2023-09-03 23:00:00+00:00,2023-09-03 23:00:00+00:00,2023-09-24 23:00:00+00:00,40,2.5,1.5,4.1230678999877615,341,2,-0.0028868468305005557,-3.5695253778131506
27,2023-07-02 23:00:00+00:00,2023-09-24 23:00:00+00:00,2023-09-24 23:00:00+00:00,2023-10-15 23:00:00+00:00,40,2.5,2.0,4.44506752620524,345,6,0.003568370286403333,1.4772292769778756
28,2023-07-23 23:00:00+00:00,2023-10-15 23:00:00+00:00,2023-10-15 23:00:00+00:00,2023-11-05 23:00:00+00:00,40,2.5,2.0,4.303079407972821,345,6,-0.018698728435249556,-8.37594064782839
29,2023-08-13 23:00:00+00:00,2023-11-05 23:00:00+00:00,2023-11-05 23:00:00+00:00,2023-11-26 23:00:00+00:00,80,3.0,1.5,0.8456426002506532,338,1,0.0004216056510815136,0.5008482737703505
30,2023-09-03 23:00:00+00:00,2023-11-26 23:00:00+00:00,2023-11-26 23:00:00+00:00,2023-12-17 23:00:00+00:00,80,3.0,1.0,0.6865543274278905,345,1,0.0007947184125480788,1.1005623884644333
31,2023-09-24 23:00:00+00:00,2023-12-17 23:00:00+00:00,2023-12-17 23:00:00+00:00,2024-01-07 23:00:00+00:00,20,2.0,1.5,2.3499314268536606,299,10,0.012785117728712159,4.292932302739099
32,2023-10-15 23:00:00+00:00,2024-01-07 23:00:00+00:00,2024-01-07 23:00:00+00:00,2024-01-28 23:00:00+00:00,20,2.0,1.5,2.4179342822453544,341,9,-0.0055608614236098974,-2.6633789471590985
33,2023-11-05 23:00:00+00:00,2024-01-28 23:00:00+00:00,2024-01-28 23:00:00+00:00,2024-02-18 23:00:00+00:00,20,2.0,2.0,3.2517748999710827,345,7,-0.01760492545184611,-5.567982051950069
34,2023-11-26 23:00:00+00:00,2024-02-18 23:00:00+00:00,2024-02-18 23:00:00+00:00,2024-03-10 23:00:00+00:00,20,2.0,2.0,0.879719587066469,342,6,0.0015685881059710471,0.8696646365680925
35,2023-12-17 23:00:00+00:00,2024-03-10 23:00:00+00:00,2024-03-10 23:00:00+00:00,2024-03-31 23:00:00+00:00,20,3.0,2.0,0.9693031048728666,322,3,-0.007092783597238861,-5.335825239390495
36,2024-01-07 23:00:00+00:00,2024-03-31 23:00:00+00:00,2024-03-31 23:00:00+00:00,2024-04-21 23:00:00+00:00,60,3.0,2.5,0.6457999447782581,345,2,0.005263725759342863,4.327945221757378
37,2024-01-28 23:00:00+00:00,2024-04-21 23:00:00+00:00,2024-04-21 23:00:00+00:00,2024-05-12 23:00:00+00:00,60,3.0,2.5,1.6315965043783216,345,3,-0.00932322414463349,-5.225535546162983
38,2024-02-18 23:00:00+00:00,2024-05-12 23:00:00+00:00,2024-05-12 23:00:00+00:00,2024-06-02 23:00:00+00:00,20,2.0,2.5,1.2056413310027876,341,8,0.004203724122969765,1.343563720245486
39,2024-03-10 23:00:00+00:00,2024-06-02 23:00:00+00:00,2024-06-02 23:00:00+00:00,2024-06-23 23:00:00+00:00,20,2.5,2.0,1.8144573572631375,341,7,-0.0025293840276374713,-1.453272421114545
40,2024-03-31 23:00:00+00:00,2024-06-23 23:00:00+00:00,2024-06-23 23:00:00+00:00,2024-07-14 23:00:00+00:00,20,2.5,2.0,1.6676235332922156,338,8,-0.013163156083364158,-7.9668655612248696
41,2024-04-21 23:00:00+00:00,2024-07-14 23:00:00+00:00,2024-07-14 23:00:00+00:00,2024-08-04 23:00:00+00:00,20,3.0,1.0,1.3724673885746221,345,3,-0.009495689754290937,-5.629579666251819
42,2024-05-12 23:00:00+00:00,2024-08-04 23:00:00+00:00,2024-08-04 23:00:00+00:00,2024-08-25 23:00:00+00:00,40,2.5,1.5,1.0285834539856913,345,2,-0.0028119296868035493,-5.226296407110095
43,2024-06-02 23:00:00+00:00,2024-08-25 23:00:00+00:00,2024-08-25 23:00:00+00:00,2024-09-15 23:00:00+00:00,80,3.0,1.0,0.6050212056105664,341,2,0.0043627614974630635,3.591958669670001
44,2024-06-23 23:00:00+00:00,2024-09-15 23:00:00+00:00,2024-09-15 23:00:00+00:00,2024-10-06 23:00:00+00:00,80,3.0,1.0,0.6728121278468998,345,1,0.0004448187205736698,3.5851899944159578
45,2024-07-14 23:00:00+00:00,2024-10-06 23:00:00+00:00,2024-10-06 23:00:00+00:00,2024-10-27 23:00:00+00:00,60,2.5,1.0,1.4946966931425552,345,4,-0.004082496905329025,-3.5034656133115925
46,2024-08-04 23:00:00+00:00,2024-10-27 23:00:00+00:00,2024-10-27 23:00:00+00:00,2024-11-17 23:00:00+00:00,40,3.0,1.5,1.4629703773763414,344,2,0.0014319358816186067,0.9638463717137832
47,2024-08-25 23:00:00+00:00,2024-11-17 23:00:00+00:00,2024-11-17 23:00:00+00:00,2024-12-08 23:00:00+00:00,40,3.0,2.5,1.4166052207396407,338,1,0.00021035133390601146,2.5517175271362245
48,2024-09-15 23:00:00+00:00,2024-12-08 23:00:00+00:00,2024-12-08 23:00:00+00:00,2024-12-29 23:00:00+00:00,40,3.0,2.5,1.6144353329401664,319,1,0.00041207592304903784,1.5490605018726724
