fold,train_start,train_end,test_start,test_end,formation_lookback,rank_pct,train_sharpe,test_bars,oos_trades,oos_return,oos_sharpe
1,2022-01-02 23:00:00+00:00,2022-03-27 23:00:00+00:00,2022-03-27 23:00:00+00:00,2022-04-17 23:00:00+00:00,96,0.8,5.040688951015476,1288,3,0.002481675295630481,1.4066575576488374
2,2022-01-23 23:00:00+00:00,2022-04-17 23:00:00+00:00,2022-04-17 23:00:00+00:00,2022-05-08 23:00:00+00:00,96,0.8,6.5461555874495225,1380,5,0.03237874435634369,5.861916862200605
3,2022-02-13 23:00:00+00:00,2022-05-08 23:00:00+00:00,2022-05-08 23:00:00+00:00,2022-05-29 23:00:00+00:00,96,0.8,5.549987890716362,1380,4,0.02123251849561858,3.761693225780548
4,2022-03-06 23:00:00+00:00,2022-05-29 23:00:00+00:00,2022-05-29 23:00:00+00:00,2022-06-19 23:00:00+00:00,96,0.875,4.119613452479335,1364,2,0.0043760993507588886,0.6430461048237281
5,2022-03-27 23:00:00+00:00,2022-06-19 23:00:00+00:00,2022-06-19 23:00:00+00:00,2022-07-10 23:00:00+00:00,96,0.875,2.7847805301216546,1348,2,0.009432766665739667,3.54644711006484
6,2022-04-17 23:00:00+00:00,2022-07-10 23:00:00+00:00,2022-07-10 23:00:00+00:00,2022-07-31 23:00:00+00:00,96,0.875,2.967974206740665,1380,3,0.008938933562908646,2.7824038434433422
7,2022-05-08 23:00:00+00:00,2022-07-31 23:00:00+00:00,2022-07-31 23:00:00+00:00,2022-08-21 23:00:00+00:00,96,0.8,3.023869148614423,1380,1,0.00911775548188487,5.219135716415678
8,2022-05-29 23:00:00+00:00,2022-08-21 23:00:00+00:00,2022-08-21 23:00:00+00:00,2022-09-11 23:00:00+00:00,96,0.8,2.587041846752878,1364,5,-0.0005174298124738241,-0.03985969655575241
9,2022-06-19 23:00:00+00:00,2022-09-11 23:00:00+00:00,2022-09-11 23:00:00+00:00,2022-10-02 23:00:00+00:00,192,0.875,2.4023737863297994,1380,2,-0.013434477090925823,-3.5759337630209695
10,2022-07-10 23:00:00+00:00,2022-10-02 23:00:00+00:00,2022-10-02 23:00:00+00:00,2022-10-23 23:00:00+00:00,288,0.925,2.71190902079079,1380,1,-0.015933807189273508,-7.4002380399398895
11,2022-07-31 23:00:00+00:00,2022-10-23 23:00:00+00:00,2022-10-23 23:00:00+00:00,2022-11-13 23:00:00+00:00,192,0.925,1.9431364934235313,1376,1,0.011382928170102335,4.115359545454891
12,2022-08-21 23:00:00+00:00,2022-11-13 23:00:00+00:00,2022-11-13 23:00:00+00:00,2022-12-04 23:00:00+00:00,384,0.925,4.703605797084874,1349,2,-0.02073746443598945,-5.826027489528686
13,2022-09-11 23:00:00+00:00,2022-12-04 23:00:00+00:00,2022-12-04 23:00:00+00:00,2022-12-25 23:00:00+00:00,192,0.8,2.8267121342454207,1380,3,-0.040437579032462256,-5.8675581725468975
14,2022-10-02 23:00:00+00:00,2022-12-25 23:00:00+00:00,2022-12-25 23:00:00+00:00,2023-01-15 23:00:00+00:00,192,0.875,2.2846541854856475,1196,3,0.0030367478349013766,0.7107269725474695
15,2022-10-23 23:00:00+00:00,2023-01-15 23:00:00+00:00,2023-01-15 23:00:00+00:00,2023-02-05 23:00:00+00:00,192,0.875,1.9794389621654658,1272,2,0.005733575843183347,1.8130756801926817
16,2022-11-13 23:00:00+00:00,2023-02-05 23:00:00+00:00,2023-02-05 23:00:00+00:00,2023-02-26 23:00:00+00:00,384,0.8,3.195348563219262,1364,0,0.0,0.0
17,2022-12-04 23:00:00+00:00,2023-02-26 23:00:00+00:00,2023-02-26 23:00:00+00:00,2023-03-19 23:00:00+00:00,384,0.8,5.735542800821797,1292,6,0.013605091989707274,3.0321362534000778
18,2022-12-25 23:00:00+00:00,2023-03-19 23:00:00+00:00,2023-03-19 23:00:00+00:00,2023-04-09 23:00:00+00:00,384,0.8,5.076062187100904,1265,1,0.009885061618531754,4.982277508198682
19,2023-01-15 23:00:00+00:00,2023-04-09 23:00:00+00:00,2023-04-09 23:00:00+00:00,2023-04-30 23:00:00+00:00,192,0.8,3.5731435357751096,1376,2,0.01906142369033903,8.468528708839266
20,2023-02-05 23:00:00+00:00,2023-04-30 23:00:00+00:00,2023-04-30 23:00:00+00:00,2023-05-21 23:00:00+00:00,288,0.8,4.914267165504482,1376,2,-0.0038567954213731825,-2.29765768097704
21,2023-02-26 23:00:00+00:00,2023-05-21 23:00:00+00:00,2023-05-21 23:00:00+00:00,2023-06-11 23:00:00+00:00,96,0.925,5.084149626051488,1272,3,0.007741310843243809,4.551865766012405
22,2023-03-19 23:00:00+00:00,2023-06-11 23:00:00+00:00,2023-06-11 23:00:00+00:00,2023-07-02 23:00:00+00:00,96,0.925,5.427902255813142,1280,1,-0.0022661392522851376,-1.2030965050084594
23,2023-04-09 23:00:00+00:00,2023-07-02 23:00:00+00:00,2023-07-02 23:00:00+00:00,2023-07-23 23:00:00+00:00,96,0.875,4.235306173019844,1349,3,-0.00353951040186673,-1.60670880976837
24,2023-04-30 23:00:00+00:00,2023-07-23 23:00:00+00:00,2023-07-23 23:00:00+00:00,2023-08-13 23:00:00+00:00,192,0.8,3.5910876806358254,1288,0,0.0,0.0
25,2023-05-21 23:00:00+00:00,2023-08-13 23:00:00+00:00,2023-08-13 23:00:00+00:00,2023-09-03 23:00:00+00:00,192,0.8,2.2042228972836235,1288,8,0.02281813573623004,5.616464633234435
26,2023-06-11 23:00:00+00:00,2023-09-03 23:00:00+00:00,2023-09-03 23:00:00+00:00,2023-09-24 23:00:00+00:00,192,0.8,3.1855774017184673,1364,1,8.73396282272676e-05,0.09646520873817722
27,2023-07-02 23:00:00+00:00,2023-09-24 23:00:00+00:00,2023-09-24 23:00:00+00:00,2023-10-15 23:00:00+00:00,192,0.8,2.706898139260126,1380,7,0.01704962659636533,3.5122391365739234
28,2023-07-23 23:00:00+00:00,2023-10-15 23:00:00+00:00,2023-10-15 23:00:00+00:00,2023-11-05 23:00:00+00:00,192,0.8,3.128084430094632,1284,2,0.006227082132002737,2.1215974805776447
29,2023-08-13 23:00:00+00:00,2023-11-05 23:00:00+00:00,2023-11-05 23:00:00+00:00,2023-11-26 23:00:00+00:00,288,0.925,2.361868049360748,1349,0,0.0,0.0
30,2023-09-03 23:00:00+00:00,2023-11-26 23:00:00+00:00,2023-11-26 23:00:00+00:00,2023-12-17 23:00:00+00:00,288,0.925,2.3484318931332306,1288,6,0.021800515329863268,5.701934398205907
31,2023-09-24 23:00:00+00:00,2023-12-17 23:00:00+00:00,2023-12-17 23:00:00+00:00,2024-01-07 23:00:00+00:00,384,0.925,5.18254212142056,1196,0,0.0,0.0
32,2023-10-15 23:00:00+00:00,2024-01-07 23:00:00+00:00,2024-01-07 23:00:00+00:00,2024-01-28 23:00:00+00:00,192,0.925,5.04310992812695,1364,3,0.02076617381760215,12.13585316992116
33,2023-11-05 23:00:00+00:00,2024-01-28 23:00:00+00:00,2024-01-28 23:00:00+00:00,2024-02-18 23:00:00+00:00,192,0.925,7.466528306497266,1288,0,0.0,0.0
34,2023-11-26 23:00:00+00:00,2024-02-18 23:00:00+00:00,2024-02-18 23:00:00+00:00,2024-03-10 23:00:00+00:00,192,0.925,6.241234185845044,1276,2,-0.004756348301848234,-2.5863017765275784
35,2023-12-17 23:00:00+00:00,2024-03-10 23:00:00+00:00,2024-03-10 23:00:00+00:00,2024-03-31 23:00:00+00:00,96,0.8,5.427524211377147,1284,2,4.4852380233662004e-05,0.04108626403870652
36,2024-01-07 23:00:00+00:00,2024-03-31 23:00:00+00:00,2024-03-31 23:00:00+00:00,2024-04-21 23:00:00+00:00,96,0.925,2.405898592398558,1376,1,0.004718053451548299,5.086301546184378
37,2024-01-28 23:00:00+00:00,2024-04-21 23:00:00+00:00,2024-04-21 23:00:00+00:00,2024-05-12 23:00:00+00:00,384,0.875,3.579169537313199,1288,2,0.004438067219217023,2.4056643402346287
38,2024-02-18 23:00:00+00:00,2024-05-12 23:00:00+00:00,2024-05-12 23:00:00+00:00,2024-06-02 23:00:00+00:00,384,0.875,3.3711593335215517,1280,0,0.0,0.0
39,2024-03-10 23:00:00+00:00,2024-06-02 23:00:00+00:00,2024-06-02 23:00:00+00:00,2024-06-23 23:00:00+00:00,96,0.925,4.93698867758048,1364,2,0.011776598855223419,5.42870473015168
40,2024-03-31 23:00:00+00:00,2024-06-23 23:00:00+00:00,2024-06-23 23:00:00+00:00,2024-07-14 23:00:00+00:00,96,0.8,4.252549555571484,1341,2,0.0006319677825976644,0.4616426325410199
41,2024-04-21 23:00:00+00:00,2024-07-14 23:00:00+00:00,2024-07-14 23:00:00+00:00,2024-08-04 23:00:00+00:00,96,0.875,4.2528033287647835,1288,1,-0.0009318732884011638,-1.9504378952271169
42,2024-05-12 23:00:00+00:00,2024-08-04 23:00:00+00:00,2024-08-04 23:00:00+00:00,2024-08-25 23:00:00+00:00,96,0.925,2.7605010105768857,1380,3,-0.013894736165553145,-3.083184053792653
43,2024-06-02 23:00:00+00:00,2024-08-25 23:00:00+00:00,2024-08-25 23:00:00+00:00,2024-09-15 23:00:00+00:00,96,0.875,-0.9619403643803422,1364,4,0.01547246256649304,4.588089770049709
44,2024-06-23 23:00:00+00:00,2024-09-15 23:00:00+00:00,2024-09-15 23:00:00+00:00,2024-10-06 23:00:00+00:00,384,0.875,1.8414962026515462,1288,0,0.0,0.0
45,2024-07-14 23:00:00+00:00,2024-10-06 23:00:00+00:00,2024-10-06 23:00:00+00:00,2024-10-27 23:00:00+00:00,288,0.875,5.396710179534457,1380,1,-0.01010996223337457,-7.614756961638055
46,2024-08-04 23:00:00+00:00,2024-10-27 23:00:00+00:00,2024-10-27 23:00:00+00:00,2024-11-17 23:00:00+00:00,384,0.925,4.480311004865174,1284,3,-0.00021775686203551192,-0.10928904652339587
47,2024-08-25 23:00:00+00:00,2024-11-17 23:00:00+00:00,2024-11-17 23:00:00+00:00,2024-12-08 23:00:00+00:00,192,0.8,4.369495999297895,1349,3,-0.0077289380924792095,-3.1443356249289423
48,2024-09-15 23:00:00+00:00,2024-12-08 23:00:00+00:00,2024-12-08 23:00:00+00:00,2024-12-29 23:00:00+00:00,288,0.925,3.7294429862144467,1273,1,0.0009601225631672428,0.8182812751120491
