fold,train_start,train_end,test_start,test_end,k,feature_lookback,pred_threshold,train_sharpe,test_bars,oos_trades,oos_return,oos_sharpe
1,2022-01-02 23:00:00+00:00,2022-03-27 23:00:00+00:00,2022-03-27 23:00:00+00:00,2022-04-17 23:00:00+00:00,15.0,288,0.0005,3.0495451898903387,1288,5,-0.016640311762990412,-2.852883142965262
2,2022-01-23 23:00:00+00:00,2022-04-17 23:00:00+00:00,2022-04-17 23:00:00+00:00,2022-05-08 23:00:00+00:00,5.0,480,0.001,2.9074634788180904,1380,6,0.0404289780569449,3.6535383375048154
3,2022-02-13 23:00:00+00:00,2022-05-08 23:00:00+00:00,2022-05-08 23:00:00+00:00,2022-05-29 23:00:00+00:00,5.0,480,0.0005,3.150509618693383,1380,4,-0.0013066035354766248,-0.05390837748861102
4,2022-03-06 23:00:00+00:00,2022-05-29 23:00:00+00:00,2022-05-29 23:00:00+00:00,2022-06-19 23:00:00+00:00,15.0,768,0.0,0.07335570846015702,1364,3,-0.012715900775287725,-1.9739937054498182
5,2022-03-27 23:00:00+00:00,2022-06-19 23:00:00+00:00,2022-06-19 23:00:00+00:00,2022-07-10 23:00:00+00:00,10.0,288,0.0,2.122239034199703,1348,6,0.08563147917735026,10.900511098973949
6,2022-04-17 23:00:00+00:00,2022-07-10 23:00:00+00:00,2022-07-10 23:00:00+00:00,2022-07-31 23:00:00+00:00,5.0,480,0.0,5.2702770746195675,1380,7,0.04176108916813148,5.726617866935171
7,2022-05-08 23:00:00+00:00,2022-07-31 23:00:00+00:00,2022-07-31 23:00:00+00:00,2022-08-21 23:00:00+00:00,15.0,288,0.0,6.654391824830073,1380,14,0.0041168318724915665,0.5317026907761445
8,2022-05-29 23:00:00+00:00,2022-08-21 23:00:00+00:00,2022-08-21 23:00:00+00:00,2022-09-11 23:00:00+00:00,5.0,480,0.001,6.691712206803914,1364,9,-0.045801777751993455,-5.520426055362509
9,2022-06-19 23:00:00+00:00,2022-09-11 23:00:00+00:00,2022-09-11 23:00:00+00:00,2022-10-02 23:00:00+00:00,5.0,480,0.001,1.3242820575329792,1380,6,-0.028861110450953298,-3.814967720987806
10,2022-07-10 23:00:00+00:00,2022-10-02 23:00:00+00:00,2022-10-02 23:00:00+00:00,2022-10-23 23:00:00+00:00,15.0,288,0.0005,-0.9754258258099571,1380,1,-0.005936585364708313,-1.7084996411445792
11,2022-07-31 23:00:00+00:00,2022-10-23 23:00:00+00:00,2022-10-23 23:00:00+00:00,2022-11-13 23:00:00+00:00,5.0,768,0.0,4.243916164697549,1376,6,0.018510339868337056,1.9770630308739865
12,2022-08-21 23:00:00+00:00,2022-11-13 23:00:00+00:00,2022-11-13 23:00:00+00:00,2022-12-04 23:00:00+00:00,15.0,480,0.0005,2.9563489448782314,1349,12,0.061729297808764017,6.867685535706015
13,2022-09-11 23:00:00+00:00,2022-12-04 23:00:00+00:00,2022-12-04 23:00:00+00:00,2022-12-25 23:00:00+00:00,15.0,768,0.0005,3.548704971332721,1380,9,-0.06351145321209395,-6.681336671414021
14,2022-10-02 23:00:00+00:00,2022-12-25 23:00:00+00:00,2022-12-25 23:00:00+00:00,2023-01-15 23:00:00+00:00,5.0,480,0.001,1.9054666301466645,1196,5,0.0265370144216035,4.588576494209618
15,2022-10-23 23:00:00+00:00,2023-01-15 23:00:00+00:00,2023-01-15 23:00:00+00:00,2023-02-05 23:00:00+00:00,10.0,480,0.0005,2.136187070725668,1272,3,0.016511802725728275,3.6554887793886675
16,2022-11-13 23:00:00+00:00,2023-02-05 23:00:00+00:00,2023-02-05 23:00:00+00:00,2023-02-26 23:00:00+00:00,10.0,288,0.001,4.9790185400809595,1364,3,-0.017901492014568143,-4.508679710986248
17,2022-12-04 23:00:00+00:00,2023-02-26 23:00:00+00:00,2023-02-26 23:00:00+00:00,2023-03-19 23:00:00+00:00,10.0,768,0.0005,6.349734998827053,1292,11,0.03186750546698258,3.514713078946088
18,2022-12-25 23:00:00+00:00,2023-03-19 23:00:00+00:00,2023-03-19 23:00:00+00:00,2023-04-09 23:00:00+00:00,10.0,768,0.0,4.39153320018285,1265,5,-0.00456195137745552,-0.9825487503876069
19,2023-01-15 23:00:00+00:00,2023-04-09 23:00:00+00:00,2023-04-09 23:00:00+00:00,2023-04-30 23:00:00+00:00,15.0,288,0.001,3.3964908685762794,1376,13,-0.00709108754300003,-1.024618486679594
20,2023-02-05 23:00:00+00:00,2023-04-30 23:00:00+00:00,2023-04-30 23:00:00+00:00,2023-05-21 23:00:00+00:00,15.0,768,0.0005,2.7187876251192744,1376,12,0.00867408930513558,1.5467244829236388
21,2023-02-26 23:00:00+00:00,2023-05-21 23:00:00+00:00,2023-05-21 23:00:00+00:00,2023-06-11 23:00:00+00:00,5.0,768,0.0005,4.323108233441542,1272,9,-0.0049797274305527495,-0.827948309802546
22,2023-03-19 23:00:00+00:00,2023-06-11 23:00:00+00:00,2023-06-11 23:00:00+00:00,2023-07-02 23:00:00+00:00,5.0,288,0.0005,1.4738608097404116,1280,11,0.027930438140109537,4.412972559071022
23,2023-04-09 23:00:00+00:00,2023-07-02 23:00:00+00:00,2023-07-02 23:00:00+00:00,2023-07-23 23:00:00+00:00,15.0,288,0.0,2.2552043436948948,1349,14,0.00415016268507129,0.7702509320670178
24,2023-04-30 23:00:00+00:00,2023-07-23 23:00:00+00:00,2023-07-23 23:00:00+00:00,2023-08-13 23:00:00+00:00,15.0,768,0.0005,2.0015734513983183,1288,14,-0.03674758639870801,-5.006610021547527
25,2023-05-21 23:00:00+00:00,2023-08-13 23:00:00+00:00,2023-08-13 23:00:00+00:00,2023-09-03 23:00:00+00:00,10.0,288,0.0,0.04099518526400742,1288,8,0.0033672280047525316,0.6651347365608841
26,2023-06-11 23:00:00+00:00,2023-09-03 23:00:00+00:00,2023-09-03 23:00:00+00:00,2023-09-24 23:00:00+00:00,10.0,288,0.001,0.3969760728530471,1364,4,-3.8581013310556855e-05,0.018425227969705315
27,2023-07-02 23:00:00+00:00,2023-09-24 23:00:00+00:00,2023-09-24 23:00:00+00:00,2023-10-15 23:00:00+00:00,10.0,480,0.001,3.2615081552757434,1380,3,0.031624809309477975,9.468630826980988
28,2023-07-23 23:00:00+00:00,2023-10-15 23:00:00+00:00,2023-10-15 23:00:00+00:00,2023-11-05 23:00:00+00:00,10.0,480,0.001,3.4205058118551617,1284,2,0.0005117598419914771,0.2000392655111997
29,2023-08-13 23:00:00+00:00,2023-11-05 23:00:00+00:00,2023-11-05 23:00:00+00:00,2023-11-26 23:00:00+00:00,15.0,768,0.0,0.7602717424233886,1349,7,0.0072641195007410175,2.11573571974106
30,2023-09-03 23:00:00+00:00,2023-11-26 23:00:00+00:00,2023-11-26 23:00:00+00:00,2023-12-17 23:00:00+00:00,5.0,480,0.0005,3.0633570606619354,1288,9,-0.004403003103598091,-0.8426396942682896
31,2023-09-24 23:00:00+00:00,2023-12-17 23:00:00+00:00,2023-12-17 23:00:00+00:00,2024-01-07 23:00:00+00:00,15.0,768,0.0,3.8257190346113243,1196,11,-0.01993830307607236,-4.707911070988588
32,2023-10-15 23:00:00+00:00,2024-01-07 23:00:00+00:00,2024-01-07 23:00:00+00:00,2024-01-28 23:00:00+00:00,5.0,480,0.0,4.466856807305599,1364,10,0.03489661127376675,7.127272631460072
33,2023-11-05 23:00:00+00:00,2024-01-28 23:00:00+00:00,2024-01-28 23:00:00+00:00,2024-02-18 23:00:00+00:00,5.0,288,0.0005,4.271250558957058,1288,7,0.013542265573122991,3.253795077894734
34,2023-11-26 23:00:00+00:00,2024-02-18 23:00:00+00:00,2024-02-18 23:00:00+00:00,2024-03-10 23:00:00+00:00,5.0,288,0.001,4.17521220354069,1276,7,-0.03344631335372161,-7.301835075926477
35,2023-12-17 23:00:00+00:00,2024-03-10 23:00:00+00:00,2024-03-10 23:00:00+00:00,2024-03-31 23:00:00+00:00,5.0,768,0.0,3.074865202629526,1284,10,0.025398718873193227,5.0475556878838
36,2024-01-07 23:00:00+00:00,2024-03-31 23:00:00+00:00,2024-03-31 23:00:00+00:00,2024-04-21 23:00:00+00:00,10.0,480,0.0,2.5547441345843263,1376,8,-0.046123187709282254,-7.846226962678948
37,2024-01-28 23:00:00+00:00,2024-04-21 23:00:00+00:00,2024-04-21 23:00:00+00:00,2024-05-12 23:00:00+00:00,10.0,288,0.0005,0.501454967644565,1288,9,0.014648426945291115,3.3685275751774557
38,2024-02-18 23:00:00+00:00,2024-05-12 23:00:00+00:00,2024-05-12 23:00:00+00:00,2024-06-02 23:00:00+00:00,15.0,768,0.0005,-0.31712332330098225,1280,10,0.013754721044975549,3.200747023029608
39,2024-03-10 23:00:00+00:00,2024-06-02 23:00:00+00:00,2024-06-02 23:00:00+00:00,2024-06-23 23:00:00+00:00,15.0,768,0.0005,1.804833105531433,1364,12,0.015931965155786987,3.0518264986230865
40,2024-03-31 23:00:00+00:00,2024-06-23 23:00:00+00:00,2024-06-23 23:00:00+00:00,2024-07-14 23:00:00+00:00,5.0,288,0.001,3.8274418170218447,1341,10,-0.014490264800550268,-2.5914510968656383
41,2024-04-21 23:00:00+00:00,2024-07-14 23:00:00+00:00,2024-07-14 23:00:00+00:00,2024-08-04 23:00:00+00:00,5.0,768,0.0005,5.068798089420629,1288,6,-0.03446238786910516,-4.813501816267266
42,2024-05-12 23:00:00+00:00,2024-08-04 23:00:00+00:00,2024-08-04 23:00:00+00:00,2024-08-25 23:00:00+00:00,5.0,768,0.0005,-0.229853092985528,1380,6,0.017520543183725756,3.286929057421839
43,2024-06-02 23:00:00+00:00,2024-08-25 23:00:00+00:00,2024-08-25 23:00:00+00:00,2024-09-15 23:00:00+00:00,5.0,288,0.001,1.2587246966219454,1364,3,0.0021135836700814092,0.5477352918408311
44,2024-06-23 23:00:00+00:00,2024-09-15 23:00:00+00:00,2024-09-15 23:00:00+00:00,2024-10-06 23:00:00+00:00,10.0,768,0.001,3.560981315771918,1288,6,-0.004136301836519696,-0.8777786557918886
45,2024-07-14 23:00:00+00:00,2024-10-06 23:00:00+00:00,2024-10-06 23:00:00+00:00,2024-10-27 23:00:00+00:00,5.0,768,0.0005,2.877563942801487,1380,9,-0.02056482095973655,-4.196605308477122
46,2024-08-04 23:00:00+00:00,2024-10-27 23:00:00+00:00,2024-10-27 23:00:00+00:00,2024-11-17 23:00:00+00:00,15.0,768,0.001,1.5087847473693237,1284,12,0.00038632852738196277,0.12230602993565667
47,2024-08-25 23:00:00+00:00,2024-11-17 23:00:00+00:00,2024-11-17 23:00:00+00:00,2024-12-08 23:00:00+00:00,15.0,480,0.001,2.4489494089814414,1349,2,0.0019194733898839633,1.3223633099718515
48,2024-09-15 23:00:00+00:00,2024-12-08 23:00:00+00:00,2024-12-08 23:00:00+00:00,2024-12-29 23:00:00+00:00,5.0,480,0.001,5.2454694109039615,1273,5,0.014222178513371153,2.993966878819402
