fold,train_start,train_end,test_start,test_end,cl_threshold,range_mult,history_bars,train_sharpe,test_bars,oos_trades,oos_return,oos_sharpe
1,2022-01-02 23:00:00+00:00,2022-03-27 23:00:00+00:00,2022-03-27 23:00:00+00:00,2022-04-17 23:00:00+00:00,0.9,1.2,1440,-0.7466728211133512,1288,2,-0.0017588184923220673,-0.4189538807286382
2,2022-01-23 23:00:00+00:00,2022-04-17 23:00:00+00:00,2022-04-17 23:00:00+00:00,2022-05-08 23:00:00+00:00,0.7,0.6,1440,1.0566055445439864,1380,8,-0.037082105923694764,-3.0194925548684735
3,2022-02-13 23:00:00+00:00,2022-05-08 23:00:00+00:00,2022-05-08 23:00:00+00:00,2022-05-29 23:00:00+00:00,0.75,0.6,1440,0.5661836246082957,1380,7,-0.013342884669031774,-1.0406609859916538
4,2022-03-06 23:00:00+00:00,2022-05-29 23:00:00+00:00,2022-05-29 23:00:00+00:00,2022-06-19 23:00:00+00:00,0.82,0.6,1440,1.140770328034383,1364,5,0.018379469826024453,2.20381402938966
5,2022-03-27 23:00:00+00:00,2022-06-19 23:00:00+00:00,2022-06-19 23:00:00+00:00,2022-07-10 23:00:00+00:00,0.82,0.6,1440,0.8460001482323929,1348,2,0.0013209144317885002,0.33987090091918815
6,2022-04-17 23:00:00+00:00,2022-07-10 23:00:00+00:00,2022-07-10 23:00:00+00:00,2022-07-31 23:00:00+00:00,0.9,0.6,1440,2.0783500647024136,1380,2,-0.019265738916272812,-4.735993844508232
7,2022-05-08 23:00:00+00:00,2022-07-31 23:00:00+00:00,2022-07-31 23:00:00+00:00,2022-08-21 23:00:00+00:00,0.82,0.9,1440,-1.3459656251511025,1380,3,0.02005963222404139,5.438739955993599
8,2022-05-29 23:00:00+00:00,2022-08-21 23:00:00+00:00,2022-08-21 23:00:00+00:00,2022-09-11 23:00:00+00:00,0.9,0.6,1440,-0.004467969773108464,1364,3,0.06148901883590363,8.660124624221266
9,2022-06-19 23:00:00+00:00,2022-09-11 23:00:00+00:00,2022-09-11 23:00:00+00:00,2022-10-02 23:00:00+00:00,0.9,0.6,1440,3.104538488732273,1380,5,0.026651654521623103,4.10774112021224
10,2022-07-10 23:00:00+00:00,2022-10-02 23:00:00+00:00,2022-10-02 23:00:00+00:00,2022-10-23 23:00:00+00:00,0.9,0.6,1440,5.003386579615745,1380,5,0.02421123798229985,3.1282751659770147
11,2022-07-31 23:00:00+00:00,2022-10-23 23:00:00+00:00,2022-10-23 23:00:00+00:00,2022-11-13 23:00:00+00:00,0.9,0.6,1440,4.517952864181728,1376,5,0.005616407358201236,0.6983309400358101
12,2022-08-21 23:00:00+00:00,2022-11-13 23:00:00+00:00,2022-11-13 23:00:00+00:00,2022-12-04 23:00:00+00:00,0.9,0.6,1440,2.117672051880639,1349,3,-0.006901493576087603,-1.5960337183275144
13,2022-09-11 23:00:00+00:00,2022-12-04 23:00:00+00:00,2022-12-04 23:00:00+00:00,2022-12-25 23:00:00+00:00,0.82,1.2,1440,2.433626534733265,1380,1,-0.009427005280665979,-3.3451320955740336
14,2022-10-02 23:00:00+00:00,2022-12-25 23:00:00+00:00,2022-12-25 23:00:00+00:00,2023-01-15 23:00:00+00:00,0.9,0.6,1440,2.4501264142457417,1196,3,-0.04590587597917961,-10.218231951527917
15,2022-10-23 23:00:00+00:00,2023-01-15 23:00:00+00:00,2023-01-15 23:00:00+00:00,2023-02-05 23:00:00+00:00,0.82,0.9,1440,1.175908410651583,1272,5,0.014515190411987122,2.234480939385185
16,2022-11-13 23:00:00+00:00,2023-02-05 23:00:00+00:00,2023-02-05 23:00:00+00:00,2023-02-26 23:00:00+00:00,0.82,1.2,1440,1.8067165727942207,1364,2,-0.0028029672577881692,-0.9155716882588374
17,2022-12-04 23:00:00+00:00,2023-02-26 23:00:00+00:00,2023-02-26 23:00:00+00:00,2023-03-19 23:00:00+00:00,0.82,1.2,1440,-0.22608823392283517,1292,5,-0.035894111429600084,-5.553251380464131
18,2022-12-25 23:00:00+00:00,2023-03-19 23:00:00+00:00,2023-03-19 23:00:00+00:00,2023-04-09 23:00:00+00:00,0.82,1.6,1440,-1.8143553931979983,1265,0,0.0,0.0
19,2023-01-15 23:00:00+00:00,2023-04-09 23:00:00+00:00,2023-04-09 23:00:00+00:00,2023-04-30 23:00:00+00:00,0.75,0.6,1440,-0.7556021985071878,1376,5,0.0066853011829957065,1.664943839983477
20,2023-02-05 23:00:00+00:00,2023-04-30 23:00:00+00:00,2023-04-30 23:00:00+00:00,2023-05-21 23:00:00+00:00,0.7,1.6,1440,0.6477689059682731,1376,1,0.002891732080417153,2.8275225794585683
21,2023-02-26 23:00:00+00:00,2023-05-21 23:00:00+00:00,2023-05-21 23:00:00+00:00,2023-06-11 23:00:00+00:00,0.9,1.6,1440,4.095900399381414,1272,1,0.007123967196640546,5.219629103251678
22,2023-03-19 23:00:00+00:00,2023-06-11 23:00:00+00:00,2023-06-11 23:00:00+00:00,2023-07-02 23:00:00+00:00,0.9,1.6,1440,4.7893315462853305,1280,0,0.0,0.0
23,2023-04-09 23:00:00+00:00,2023-07-02 23:00:00+00:00,2023-07-02 23:00:00+00:00,2023-07-23 23:00:00+00:00,0.9,1.6,1440,2.9154274416032178,1349,1,-0.010035412218639905,-4.190014035877431
24,2023-04-30 23:00:00+00:00,2023-07-23 23:00:00+00:00,2023-07-23 23:00:00+00:00,2023-08-13 23:00:00+00:00,0.7,1.6,1440,0.1861904540732454,1288,2,0.004822374263309781,2.0556025104827813
25,2023-05-21 23:00:00+00:00,2023-08-13 23:00:00+00:00,2023-08-13 23:00:00+00:00,2023-09-03 23:00:00+00:00,0.7,1.6,1440,1.2864612138567881,1288,2,0.02453905215349983,5.856257098033115
26,2023-06-11 23:00:00+00:00,2023-09-03 23:00:00+00:00,2023-09-03 23:00:00+00:00,2023-09-24 23:00:00+00:00,0.7,1.6,1440,2.140457164826827,1364,1,-0.009039222833386762,-5.311373928716173
27,2023-07-02 23:00:00+00:00,2023-09-24 23:00:00+00:00,2023-09-24 23:00:00+00:00,2023-10-15 23:00:00+00:00,0.7,1.6,1440,1.0704297979308726,1380,1,0.00660360728002396,2.5554045805745305
28,2023-07-23 23:00:00+00:00,2023-10-15 23:00:00+00:00,2023-10-15 23:00:00+00:00,2023-11-05 23:00:00+00:00,0.7,1.6,1440,2.104575942004846,1284,1,-0.01624943536159018,-5.196574736161454
29,2023-08-13 23:00:00+00:00,2023-11-05 23:00:00+00:00,2023-11-05 23:00:00+00:00,2023-11-26 23:00:00+00:00,0.7,1.6,1440,-2.1180735644097015,1349,1,0.002341618589668526,1.6841748671333063
30,2023-09-03 23:00:00+00:00,2023-11-26 23:00:00+00:00,2023-11-26 23:00:00+00:00,2023-12-17 23:00:00+00:00,0.82,0.6,1440,-1.3511216025944386,1288,8,0.0027861608175441255,0.6102972230530821
31,2023-09-24 23:00:00+00:00,2023-12-17 23:00:00+00:00,2023-12-17 23:00:00+00:00,2024-01-07 23:00:00+00:00,0.82,0.6,1440,-1.16301371820049,1196,6,0.010043471227398015,2.668038181262989
32,2023-10-15 23:00:00+00:00,2024-01-07 23:00:00+00:00,2024-01-07 23:00:00+00:00,2024-01-28 23:00:00+00:00,0.82,0.6,1440,1.7839862966166347,1364,6,-0.03324622169456193,-7.8810534038897435
33,2023-11-05 23:00:00+00:00,2024-01-28 23:00:00+00:00,2024-01-28 23:00:00+00:00,2024-02-18 23:00:00+00:00,0.82,0.6,1440,-1.3355193205921745,1288,7,-0.0010729423511256497,-0.19311895168566043
34,2023-11-26 23:00:00+00:00,2024-02-18 23:00:00+00:00,2024-02-18 23:00:00+00:00,2024-03-10 23:00:00+00:00,0.9,0.6,1440,-1.291909262326797,1276,2,-0.017273963854468666,-8.682133351325014
35,2023-12-17 23:00:00+00:00,2024-03-10 23:00:00+00:00,2024-03-10 23:00:00+00:00,2024-03-31 23:00:00+00:00,0.7,1.6,1440,-0.2680445553257305,1284,0,0.0,0.0
36,2024-01-07 23:00:00+00:00,2024-03-31 23:00:00+00:00,2024-03-31 23:00:00+00:00,2024-04-21 23:00:00+00:00,0.7,1.2,1440,1.9258558263285552,1376,5,0.05017920863684222,10.728291375291604
37,2024-01-28 23:00:00+00:00,2024-04-21 23:00:00+00:00,2024-04-21 23:00:00+00:00,2024-05-12 23:00:00+00:00,0.7,1.2,1440,5.616450833873179,1288,3,-0.004427940979350953,-1.5542831429772408
38,2024-02-18 23:00:00+00:00,2024-05-12 23:00:00+00:00,2024-05-12 23:00:00+00:00,2024-06-02 23:00:00+00:00,0.7,1.2,1440,5.107728215851017,1280,5,-0.002532192887127027,-0.7181892326671154
39,2024-03-10 23:00:00+00:00,2024-06-02 23:00:00+00:00,2024-06-02 23:00:00+00:00,2024-06-23 23:00:00+00:00,0.7,1.6,1440,3.6448815496341656,1364,4,-0.0008614771753161499,-0.31036363814704254
40,2024-03-31 23:00:00+00:00,2024-06-23 23:00:00+00:00,2024-06-23 23:00:00+00:00,2024-07-14 23:00:00+00:00,0.75,1.6,1440,1.1953702109084454,1341,2,0.009228394789466243,2.9254226985895984
41,2024-04-21 23:00:00+00:00,2024-07-14 23:00:00+00:00,2024-07-14 23:00:00+00:00,2024-08-04 23:00:00+00:00,0.75,1.6,1440,1.9007384189974477,1288,3,-0.024579590058909973,-3.733475075703894
42,2024-05-12 23:00:00+00:00,2024-08-04 23:00:00+00:00,2024-08-04 23:00:00+00:00,2024-08-25 23:00:00+00:00,0.9,1.6,1440,-0.10861771172508079,1380,1,-0.010825912233414225,-2.622705197304797
43,2024-06-02 23:00:00+00:00,2024-08-25 23:00:00+00:00,2024-08-25 23:00:00+00:00,2024-09-15 23:00:00+00:00,0.82,1.6,1440,-0.32384852364660455,1364,3,-0.01937022649336284,-4.6849442257547445
44,2024-06-23 23:00:00+00:00,2024-09-15 23:00:00+00:00,2024-09-15 23:00:00+00:00,2024-10-06 23:00:00+00:00,0.7,1.6,1440,-1.5959496174822734,1288,2,0.007305430575323957,2.956024184269839
45,2024-07-14 23:00:00+00:00,2024-10-06 23:00:00+00:00,2024-10-06 23:00:00+00:00,2024-10-27 23:00:00+00:00,0.75,1.6,1440,-0.5934875396574316,1380,0,0.0,0.0
46,2024-08-04 23:00:00+00:00,2024-10-27 23:00:00+00:00,2024-10-27 23:00:00+00:00,2024-11-17 23:00:00+00:00,0.75,0.9,1440,-0.28491547122611327,1284,6,-0.03126314647608752,-8.702773862230787
47,2024-08-25 23:00:00+00:00,2024-11-17 23:00:00+00:00,2024-11-17 23:00:00+00:00,2024-12-08 23:00:00+00:00,0.7,1.6,1440,-1.5847405593209254,1349,0,0.0,0.0
48,2024-09-15 23:00:00+00:00,2024-12-08 23:00:00+00:00,2024-12-08 23:00:00+00:00,2024-12-29 23:00:00+00:00,0.7,1.6,1440,-0.07514556610403861,1273,3,-0.008974266768907335,-2.5459678742492464
