fold,train_start,train_end,test_start,test_end,kf_noise_ratio,min_slope,stop_atr_mult,train_sharpe,test_bars,oos_trades,oos_return,oos_sharpe
1,2022-01-02 23:00:00+00:00,2022-03-27 23:00:00+00:00,2022-03-27 23:00:00+00:00,2022-04-17 23:00:00+00:00,0.5,1.0,1.0,5.982197121858469,1288,5,-0.010251263240173336,-3.251034720558176
2,2022-01-23 23:00:00+00:00,2022-04-17 23:00:00+00:00,2022-04-17 23:00:00+00:00,2022-05-08 23:00:00+00:00,0.5,1.0,1.0,6.45536714861334,1380,12,0.010581568991158807,1.668451873868615
3,2022-02-13 23:00:00+00:00,2022-05-08 23:00:00+00:00,2022-05-08 23:00:00+00:00,2022-05-29 23:00:00+00:00,0.1,0.5,1.0,5.473631969020114,1380,7,-0.003049753822677581,-0.7605212520804401
4,2022-03-06 23:00:00+00:00,2022-05-29 23:00:00+00:00,2022-05-29 23:00:00+00:00,2022-06-19 23:00:00+00:00,0.5,2.0,3.0,5.123372842832261,1364,0,0.0,0.0
5,2022-03-27 23:00:00+00:00,2022-06-19 23:00:00+00:00,2022-06-19 23:00:00+00:00,2022-07-10 23:00:00+00:00,0.2,1.0,3.0,4.358824133251227,1348,3,-0.0011053307367222542,-0.2336106618714361
6,2022-04-17 23:00:00+00:00,2022-07-10 23:00:00+00:00,2022-07-10 23:00:00+00:00,2022-07-31 23:00:00+00:00,0.05,0.25,3.0,2.605463685165631,1380,9,0.04555064892325755,7.196180236713773
7,2022-05-08 23:00:00+00:00,2022-07-31 23:00:00+00:00,2022-07-31 23:00:00+00:00,2022-08-21 23:00:00+00:00,0.5,1.0,2.0,3.877496427494252,1380,10,-0.012977898074800986,-2.307543518361511
8,2022-05-29 23:00:00+00:00,2022-08-21 23:00:00+00:00,2022-08-21 23:00:00+00:00,2022-09-11 23:00:00+00:00,0.5,1.0,2.0,3.5664190479122073,1364,8,-0.04284024942698772,-9.32673253205251
9,2022-06-19 23:00:00+00:00,2022-09-11 23:00:00+00:00,2022-09-11 23:00:00+00:00,2022-10-02 23:00:00+00:00,0.5,0.25,3.0,3.4522954127941365,1380,21,-0.06536727053791747,-5.960587805086289
10,2022-07-10 23:00:00+00:00,2022-10-02 23:00:00+00:00,2022-10-02 23:00:00+00:00,2022-10-23 23:00:00+00:00,0.05,0.25,2.0,2.4267104368939756,1380,11,-0.011126873238531676,-1.5558643226865538
11,2022-07-31 23:00:00+00:00,2022-10-23 23:00:00+00:00,2022-10-23 23:00:00+00:00,2022-11-13 23:00:00+00:00,0.05,0.25,1.5,0.8609029731403605,1376,8,0.027669017593065393,4.694875608241695
12,2022-08-21 23:00:00+00:00,2022-11-13 23:00:00+00:00,2022-11-13 23:00:00+00:00,2022-12-04 23:00:00+00:00,0.05,0.5,1.0,2.564550529556602,1349,0,0.0,0.0
13,2022-09-11 23:00:00+00:00,2022-12-04 23:00:00+00:00,2022-12-04 23:00:00+00:00,2022-12-25 23:00:00+00:00,0.05,0.5,1.0,3.6617940334328574,1380,0,0.0,0.0
14,2022-10-02 23:00:00+00:00,2022-12-25 23:00:00+00:00,2022-12-25 23:00:00+00:00,2023-01-15 23:00:00+00:00,0.05,0.5,2.0,3.4145273873132536,1196,2,-0.0019320829679659868,-0.7885715303889472
15,2022-10-23 23:00:00+00:00,2023-01-15 23:00:00+00:00,2023-01-15 23:00:00+00:00,2023-02-05 23:00:00+00:00,0.2,0.5,1.5,2.7775944489600874,1272,13,0.04018666593879483,5.782050089764819
16,2022-11-13 23:00:00+00:00,2023-02-05 23:00:00+00:00,2023-02-05 23:00:00+00:00,2023-02-26 23:00:00+00:00,0.5,0.5,3.0,4.743514493439303,1364,17,-0.014793376807726077,-1.919531787212241
17,2022-12-04 23:00:00+00:00,2023-02-26 23:00:00+00:00,2023-02-26 23:00:00+00:00,2023-03-19 23:00:00+00:00,0.5,0.5,3.0,2.93045706546234,1292,16,0.00833067922552333,1.0920059819805377
18,2022-12-25 23:00:00+00:00,2023-03-19 23:00:00+00:00,2023-03-19 23:00:00+00:00,2023-04-09 23:00:00+00:00,0.1,0.25,3.0,4.663111122195547,1265,15,-0.006689765268659609,-1.3343002076539272
19,2023-01-15 23:00:00+00:00,2023-04-09 23:00:00+00:00,2023-04-09 23:00:00+00:00,2023-04-30 23:00:00+00:00,0.5,0.25,1.0,4.682682774129813,1376,24,0.02769376846545546,6.069340619527007
20,2023-02-05 23:00:00+00:00,2023-04-30 23:00:00+00:00,2023-04-30 23:00:00+00:00,2023-05-21 23:00:00+00:00,0.5,0.25,1.0,3.5078668803103485,1376,31,0.020481276693532502,4.926840269246978
21,2023-02-26 23:00:00+00:00,2023-05-21 23:00:00+00:00,2023-05-21 23:00:00+00:00,2023-06-11 23:00:00+00:00,0.5,2.0,1.0,4.613218365325687,1272,2,0.005831425574315041,3.5657886165050505
22,2023-03-19 23:00:00+00:00,2023-06-11 23:00:00+00:00,2023-06-11 23:00:00+00:00,2023-07-02 23:00:00+00:00,0.5,2.0,1.0,4.4844557257697515,1280,1,-0.003936130814254257,-4.1235077304397265
23,2023-04-09 23:00:00+00:00,2023-07-02 23:00:00+00:00,2023-07-02 23:00:00+00:00,2023-07-23 23:00:00+00:00,0.2,0.5,2.0,5.286478197245999,1349,10,0.002691278857311241,0.8668633465648832
24,2023-04-30 23:00:00+00:00,2023-07-23 23:00:00+00:00,2023-07-23 23:00:00+00:00,2023-08-13 23:00:00+00:00,0.2,0.5,2.0,3.950260726047845,1288,8,-0.026802993542652698,-9.446925297003105
25,2023-05-21 23:00:00+00:00,2023-08-13 23:00:00+00:00,2023-08-13 23:00:00+00:00,2023-09-03 23:00:00+00:00,0.1,0.5,1.0,2.108462748160737,1288,4,0.014908418113462663,7.412767911851177
26,2023-06-11 23:00:00+00:00,2023-09-03 23:00:00+00:00,2023-09-03 23:00:00+00:00,2023-09-24 23:00:00+00:00,0.5,2.0,3.0,2.7625226353542125,1364,0,0.0,0.0
27,2023-07-02 23:00:00+00:00,2023-09-24 23:00:00+00:00,2023-09-24 23:00:00+00:00,2023-10-15 23:00:00+00:00,0.5,2.0,1.5,2.485781208528588,1380,0,0.0,0.0
28,2023-07-23 23:00:00+00:00,2023-10-15 23:00:00+00:00,2023-10-15 23:00:00+00:00,2023-11-05 23:00:00+00:00,0.5,2.0,1.0,4.1619573007045485,1284,0,0.0,0.0
29,2023-08-13 23:00:00+00:00,2023-11-05 23:00:00+00:00,2023-11-05 23:00:00+00:00,2023-11-26 23:00:00+00:00,0.5,2.0,1.0,4.163523705247358,1349,1,-0.0009485588684843282,-2.9157511149422928
30,2023-09-03 23:00:00+00:00,2023-11-26 23:00:00+00:00,2023-11-26 23:00:00+00:00,2023-12-17 23:00:00+00:00,0.2,1.0,3.0,2.979959071986199,1288,5,-0.004586118831867547,-1.7861085950098246
31,2023-09-24 23:00:00+00:00,2023-12-17 23:00:00+00:00,2023-12-17 23:00:00+00:00,2024-01-07 23:00:00+00:00,0.1,0.5,3.0,3.027441811226344,1196,5,-0.010657250704368959,-4.6138527605860755
32,2023-10-15 23:00:00+00:00,2024-01-07 23:00:00+00:00,2024-01-07 23:00:00+00:00,2024-01-28 23:00:00+00:00,0.5,1.0,3.0,3.660663615451957,1364,9,0.009990827574136052,3.1389053105636955
33,2023-11-05 23:00:00+00:00,2024-01-28 23:00:00+00:00,2024-01-28 23:00:00+00:00,2024-02-18 23:00:00+00:00,0.05,0.5,1.5,4.1219132101058005,1288,2,-0.000891410098919132,-1.952010954084366
34,2023-11-26 23:00:00+00:00,2024-02-18 23:00:00+00:00,2024-02-18 23:00:00+00:00,2024-03-10 23:00:00+00:00,0.5,2.0,1.5,3.869869761149921,1276,0,0.0,0.0
35,2023-12-17 23:00:00+00:00,2024-03-10 23:00:00+00:00,2024-03-10 23:00:00+00:00,2024-03-31 23:00:00+00:00,0.5,2.0,1.5,3.874400622226323,1284,0,0.0,0.0
36,2024-01-07 23:00:00+00:00,2024-03-31 23:00:00+00:00,2024-03-31 23:00:00+00:00,2024-04-21 23:00:00+00:00,0.5,2.0,1.0,6.511968459379564,1376,1,-0.0006903096946643261,-1.2090868993788908
37,2024-01-28 23:00:00+00:00,2024-04-21 23:00:00+00:00,2024-04-21 23:00:00+00:00,2024-05-12 23:00:00+00:00,0.05,0.25,2.0,1.9420180096464865,1288,10,-0.007090366269650317,-1.9193640009635475
38,2024-02-18 23:00:00+00:00,2024-05-12 23:00:00+00:00,2024-05-12 23:00:00+00:00,2024-06-02 23:00:00+00:00,0.2,0.25,1.0,0.7917493997652857,1280,16,0.014155522902268958,4.5334771157315545
39,2024-03-10 23:00:00+00:00,2024-06-02 23:00:00+00:00,2024-06-02 23:00:00+00:00,2024-06-23 23:00:00+00:00,0.05,0.5,1.0,2.6749722704358487,1364,5,0.00955582441465852,5.6528865159532815
40,2024-03-31 23:00:00+00:00,2024-06-23 23:00:00+00:00,2024-06-23 23:00:00+00:00,2024-07-14 23:00:00+00:00,0.05,0.5,2.0,3.930058401264642,1341,3,0.010219971062959576,7.048946959096701
41,2024-04-21 23:00:00+00:00,2024-07-14 23:00:00+00:00,2024-07-14 23:00:00+00:00,2024-08-04 23:00:00+00:00,0.05,0.5,2.0,5.512065224631078,1288,0,0.0,0.0
42,2024-05-12 23:00:00+00:00,2024-08-04 23:00:00+00:00,2024-08-04 23:00:00+00:00,2024-08-25 23:00:00+00:00,0.05,0.5,2.0,5.738185053404449,1380,3,0.02218387291939372,8.118238891077187
43,2024-06-02 23:00:00+00:00,2024-08-25 23:00:00+00:00,2024-08-25 23:00:00+00:00,2024-09-15 23:00:00+00:00,0.05,0.5,2.0,6.037048590455934,1364,0,0.0,0.0
44,2024-06-23 23:00:00+00:00,2024-09-15 23:00:00+00:00,2024-09-15 23:00:00+00:00,2024-10-06 23:00:00+00:00,0.05,0.5,2.0,5.291713645331282,1288,0,0.0,0.0
45,2024-07-14 23:00:00+00:00,2024-10-06 23:00:00+00:00,2024-10-06 23:00:00+00:00,2024-10-27 23:00:00+00:00,0.05,0.5,1.5,4.13147497550868,1380,3,-0.007220393972331651,-6.119257202703904
46,2024-08-04 23:00:00+00:00,2024-10-27 23:00:00+00:00,2024-10-27 23:00:00+00:00,2024-11-17 23:00:00+00:00,0.05,0.5,2.0,2.532443267020214,1284,1,0.005125437280086409,5.780865771906548
47,2024-08-25 23:00:00+00:00,2024-11-17 23:00:00+00:00,2024-11-17 23:00:00+00:00,2024-12-08 23:00:00+00:00,0.5,1.0,1.0,2.566643893703478,1349,8,0.00576916028010932,2.5076368465156915
48,2024-09-15 23:00:00+00:00,2024-12-08 23:00:00+00:00,2024-12-08 23:00:00+00:00,2024-12-29 23:00:00+00:00,0.5,0.5,3.0,2.568955959322782,1273,17,0.01119822029782247,2.2461119486166052
