fold,train_start,train_end,test_start,test_end,range_lookback,squeeze_ratio,target_atr_mult,train_sharpe,test_bars,oos_trades,oos_return,oos_sharpe
1,2022-01-02 23:00:00+00:00,2022-03-27 23:00:00+00:00,2022-03-27 23:00:00+00:00,2022-04-17 23:00:00+00:00,96,0.8,3.0,3.7674232256329145,1288,3,0.005240382249087627,3.0841756626017665
2,2022-01-23 23:00:00+00:00,2022-04-17 23:00:00+00:00,2022-04-17 23:00:00+00:00,2022-05-08 23:00:00+00:00,192,0.8,3.0,5.158477805088126,1380,0,0.0,0.0
3,2022-02-13 23:00:00+00:00,2022-05-08 23:00:00+00:00,2022-05-08 23:00:00+00:00,2022-05-29 23:00:00+00:00,96,0.8,3.0,5.917216404679601,1380,0,0.0,0.0
4,2022-03-06 23:00:00+00:00,2022-05-29 23:00:00+00:00,2022-05-29 23:00:00+00:00,2022-06-19 23:00:00+00:00,96,0.7,3.0,4.61211437826436,1364,0,0.0,0.0
6,2022-04-17 23:00:00+00:00,2022-07-10 23:00:00+00:00,2022-07-10 23:00:00+00:00,2022-07-31 23:00:00+00:00,48,0.8,2.0,0.3606469591513992,1380,0,0.0,0.0
7,2022-05-08 23:00:00+00:00,2022-07-31 23:00:00+00:00,2022-07-31 23:00:00+00:00,2022-08-21 23:00:00+00:00,24,0.8,3.0,1.5661822677406974,1380,1,0.004416467896252607,4.04344346888723
8,2022-05-29 23:00:00+00:00,2022-08-21 23:00:00+00:00,2022-08-21 23:00:00+00:00,2022-09-11 23:00:00+00:00,24,0.8,3.0,4.151981367633447,1364,0,0.0,0.0
9,2022-06-19 23:00:00+00:00,2022-09-11 23:00:00+00:00,2022-09-11 23:00:00+00:00,2022-10-02 23:00:00+00:00,24,0.8,1.0,2.0305843323436017,1380,0,0.0,0.0
10,2022-07-10 23:00:00+00:00,2022-10-02 23:00:00+00:00,2022-10-02 23:00:00+00:00,2022-10-23 23:00:00+00:00,24,0.8,1.0,2.0246728949766886,1380,0,0.0,0.0
13,2022-09-11 23:00:00+00:00,2022-12-04 23:00:00+00:00,2022-12-04 23:00:00+00:00,2022-12-25 23:00:00+00:00,96,0.7,2.0,3.1067422773800626,1380,0,0.0,0.0
14,2022-10-02 23:00:00+00:00,2022-12-25 23:00:00+00:00,2022-12-25 23:00:00+00:00,2023-01-15 23:00:00+00:00,96,0.7,2.0,3.1067422773800626,1196,0,0.0,0.0
15,2022-10-23 23:00:00+00:00,2023-01-15 23:00:00+00:00,2023-01-15 23:00:00+00:00,2023-02-05 23:00:00+00:00,96,0.8,2.0,3.1602133644126176,1272,0,0.0,0.0
17,2022-12-04 23:00:00+00:00,2023-02-26 23:00:00+00:00,2023-02-26 23:00:00+00:00,2023-03-19 23:00:00+00:00,48,0.8,3.0,-1.1288461044055846,1292,0,0.0,0.0
18,2022-12-25 23:00:00+00:00,2023-03-19 23:00:00+00:00,2023-03-19 23:00:00+00:00,2023-04-09 23:00:00+00:00,48,0.8,3.0,1.048506414258984,1265,2,6.265134198613076e-05,0.0846536977628414
19,2023-01-15 23:00:00+00:00,2023-04-09 23:00:00+00:00,2023-04-09 23:00:00+00:00,2023-04-30 23:00:00+00:00,24,0.8,1.5,2.560834740217768,1376,0,0.0,0.0
20,2023-02-05 23:00:00+00:00,2023-04-30 23:00:00+00:00,2023-04-30 23:00:00+00:00,2023-05-21 23:00:00+00:00,192,0.8,1.5,2.2612160259039684,1376,0,0.0,0.0
21,2023-02-26 23:00:00+00:00,2023-05-21 23:00:00+00:00,2023-05-21 23:00:00+00:00,2023-06-11 23:00:00+00:00,24,0.8,1.5,2.532701006382352,1272,0,0.0,0.0
23,2023-04-09 23:00:00+00:00,2023-07-02 23:00:00+00:00,2023-07-02 23:00:00+00:00,2023-07-23 23:00:00+00:00,192,0.8,3.0,0.9835711420694199,1349,1,-0.0032184269433701562,-5.319393568014599
24,2023-04-30 23:00:00+00:00,2023-07-23 23:00:00+00:00,2023-07-23 23:00:00+00:00,2023-08-13 23:00:00+00:00,24,0.7,1.5,2.0263951574937775,1288,0,0.0,0.0
25,2023-05-21 23:00:00+00:00,2023-08-13 23:00:00+00:00,2023-08-13 23:00:00+00:00,2023-09-03 23:00:00+00:00,24,0.7,1.5,2.0435054724060855,1288,0,0.0,0.0
26,2023-06-11 23:00:00+00:00,2023-09-03 23:00:00+00:00,2023-09-03 23:00:00+00:00,2023-09-24 23:00:00+00:00,24,0.7,1.5,2.040362259948683,1364,0,0.0,0.0
27,2023-07-02 23:00:00+00:00,2023-09-24 23:00:00+00:00,2023-09-24 23:00:00+00:00,2023-10-15 23:00:00+00:00,24,0.8,1.0,-1.8824434107610626,1380,0,0.0,0.0
28,2023-07-23 23:00:00+00:00,2023-10-15 23:00:00+00:00,2023-10-15 23:00:00+00:00,2023-11-05 23:00:00+00:00,24,0.8,1.0,-1.8769510332360702,1284,1,0.0018508019040182067,4.113696037210359
29,2023-08-13 23:00:00+00:00,2023-11-05 23:00:00+00:00,2023-11-05 23:00:00+00:00,2023-11-26 23:00:00+00:00,24,0.8,3.0,2.491487006204856,1349,3,-0.00195831226025045,-1.675344236102507
30,2023-09-03 23:00:00+00:00,2023-11-26 23:00:00+00:00,2023-11-26 23:00:00+00:00,2023-12-17 23:00:00+00:00,24,0.8,3.0,1.1553659604968636,1288,0,0.0,0.0
31,2023-09-24 23:00:00+00:00,2023-12-17 23:00:00+00:00,2023-12-17 23:00:00+00:00,2024-01-07 23:00:00+00:00,24,0.8,3.0,0.653461676733037,1196,0,0.0,0.0
32,2023-10-15 23:00:00+00:00,2024-01-07 23:00:00+00:00,2024-01-07 23:00:00+00:00,2024-01-28 23:00:00+00:00,24,0.8,3.0,3.304944683132347,1364,0,0.0,0.0
33,2023-11-05 23:00:00+00:00,2024-01-28 23:00:00+00:00,2024-01-28 23:00:00+00:00,2024-02-18 23:00:00+00:00,24,0.8,3.0,3.279401742957226,1288,1,0.002509961384797421,5.633725352779333
34,2023-11-26 23:00:00+00:00,2024-02-18 23:00:00+00:00,2024-02-18 23:00:00+00:00,2024-03-10 23:00:00+00:00,24,0.8,3.0,4.926026241995103,1276,0,0.0,0.0
35,2023-12-17 23:00:00+00:00,2024-03-10 23:00:00+00:00,2024-03-10 23:00:00+00:00,2024-03-31 23:00:00+00:00,24,0.8,3.0,2.823922080149397,1284,0,0.0,0.0
36,2024-01-07 23:00:00+00:00,2024-03-31 23:00:00+00:00,2024-03-31 23:00:00+00:00,2024-04-21 23:00:00+00:00,24,0.8,1.0,4.422640833915627,1376,0,0.0,0.0
37,2024-01-28 23:00:00+00:00,2024-04-21 23:00:00+00:00,2024-04-21 23:00:00+00:00,2024-05-12 23:00:00+00:00,24,0.8,1.0,-3.012704341139518,1288,3,-0.005413991884780978,-7.038433075116383
38,2024-02-18 23:00:00+00:00,2024-05-12 23:00:00+00:00,2024-05-12 23:00:00+00:00,2024-06-02 23:00:00+00:00,192,0.8,1.0,-0.21994567298598383,1280,4,-0.007744248667271414,-7.490229376519001
39,2024-03-10 23:00:00+00:00,2024-06-02 23:00:00+00:00,2024-06-02 23:00:00+00:00,2024-06-23 23:00:00+00:00,48,0.8,2.0,0.6368679732607403,1364,0,0.0,0.0
40,2024-03-31 23:00:00+00:00,2024-06-23 23:00:00+00:00,2024-06-23 23:00:00+00:00,2024-07-14 23:00:00+00:00,24,0.7,1.0,-0.0014573808165260227,1341,0,0.0,0.0
41,2024-04-21 23:00:00+00:00,2024-07-14 23:00:00+00:00,2024-07-14 23:00:00+00:00,2024-08-04 23:00:00+00:00,24,0.7,1.0,1.8449940753195275,1288,0,0.0,0.0
42,2024-05-12 23:00:00+00:00,2024-08-04 23:00:00+00:00,2024-08-04 23:00:00+00:00,2024-08-25 23:00:00+00:00,24,0.8,3.0,1.8060586193393287,1380,9,0.024066005377938238,8.60213211713947
43,2024-06-02 23:00:00+00:00,2024-08-25 23:00:00+00:00,2024-08-25 23:00:00+00:00,2024-09-15 23:00:00+00:00,48,0.8,3.0,4.849047265308723,1364,0,0.0,0.0
44,2024-06-23 23:00:00+00:00,2024-09-15 23:00:00+00:00,2024-09-15 23:00:00+00:00,2024-10-06 23:00:00+00:00,48,0.8,3.0,4.259916902969834,1288,1,0.004055135938702659,5.621942635601752
45,2024-07-14 23:00:00+00:00,2024-10-06 23:00:00+00:00,2024-10-06 23:00:00+00:00,2024-10-27 23:00:00+00:00,48,0.8,3.0,4.99541512173659,1380,1,0.003168162363287097,4.021854465219736
46,2024-08-04 23:00:00+00:00,2024-10-27 23:00:00+00:00,2024-10-27 23:00:00+00:00,2024-11-17 23:00:00+00:00,24,0.7,3.0,4.750105011757223,1284,0,0.0,0.0
47,2024-08-25 23:00:00+00:00,2024-11-17 23:00:00+00:00,2024-11-17 23:00:00+00:00,2024-12-08 23:00:00+00:00,48,0.8,3.0,3.390695952063171,1349,7,0.0016128917816278232,1.0927969734197618
48,2024-09-15 23:00:00+00:00,2024-12-08 23:00:00+00:00,2024-12-08 23:00:00+00:00,2024-12-29 23:00:00+00:00,24,0.8,3.0,2.0819170815210026,1273,0,0.0,0.0
