fold,train_start,train_end,test_start,test_end,vwap_lookback,entry_dev,stop_atr_mult,train_sharpe,test_bars,oos_trades,oos_return,oos_sharpe
1,2022-01-02 23:00:00+00:00,2022-03-27 23:00:00+00:00,2022-03-27 23:00:00+00:00,2022-04-17 23:00:00+00:00,48,0.25,2.0,4.163994268083328,322,6,0.03033321820003998,9.424483044324635
2,2022-01-23 23:00:00+00:00,2022-04-17 23:00:00+00:00,2022-04-17 23:00:00+00:00,2022-05-08 23:00:00+00:00,48,0.5,2.0,5.035533051365736,345,8,0.039692361856273006,6.108525837237858
3,2022-02-13 23:00:00+00:00,2022-05-08 23:00:00+00:00,2022-05-08 23:00:00+00:00,2022-05-29 23:00:00+00:00,48,0.5,2.0,5.197443670225228,345,5,0.02333398554829813,3.923963744352081
4,2022-03-06 23:00:00+00:00,2022-05-29 23:00:00+00:00,2022-05-29 23:00:00+00:00,2022-06-19 23:00:00+00:00,48,0.5,1.0,6.5419261718568436,341,9,0.011436453852530004,2.198166121199209
5,2022-03-27 23:00:00+00:00,2022-06-19 23:00:00+00:00,2022-06-19 23:00:00+00:00,2022-07-10 23:00:00+00:00,96,0.25,2.0,5.939030981507804,337,2,0.02899037455783171,8.817371115161176
6,2022-04-17 23:00:00+00:00,2022-07-10 23:00:00+00:00,2022-07-10 23:00:00+00:00,2022-07-31 23:00:00+00:00,96,0.25,2.0,6.2110765776729515,345,2,0.008253990772508768,2.460773356088792
7,2022-05-08 23:00:00+00:00,2022-07-31 23:00:00+00:00,2022-07-31 23:00:00+00:00,2022-08-21 23:00:00+00:00,96,0.25,2.0,5.020964941546087,345,4,-0.01572696072158475,-9.166504936902623
8,2022-05-29 23:00:00+00:00,2022-08-21 23:00:00+00:00,2022-08-21 23:00:00+00:00,2022-09-11 23:00:00+00:00,96,1.0,1.0,3.471624527120013,341,6,-0.0018421891221517273,-0.35226296557486864
9,2022-06-19 23:00:00+00:00,2022-09-11 23:00:00+00:00,2022-09-11 23:00:00+00:00,2022-10-02 23:00:00+00:00,96,1.0,2.0,2.143638117318956,345,5,0.03905492294850421,8.450532982659107
10,2022-07-10 23:00:00+00:00,2022-10-02 23:00:00+00:00,2022-10-02 23:00:00+00:00,2022-10-23 23:00:00+00:00,96,1.0,1.0,3.379347610588099,345,5,-0.0042671759297818745,-1.0910174907042491
11,2022-07-31 23:00:00+00:00,2022-10-23 23:00:00+00:00,2022-10-23 23:00:00+00:00,2022-11-13 23:00:00+00:00,96,1.0,1.0,2.71779413829286,344,5,-0.012151260763492266,-4.797680770374856
12,2022-08-21 23:00:00+00:00,2022-11-13 23:00:00+00:00,2022-11-13 23:00:00+00:00,2022-12-04 23:00:00+00:00,48,0.25,1.0,2.3673480519189543,338,5,0.014361877470641993,3.8001667276720976
13,2022-09-11 23:00:00+00:00,2022-12-04 23:00:00+00:00,2022-12-04 23:00:00+00:00,2022-12-25 23:00:00+00:00,96,0.5,1.5,2.663388936032205,345,5,-0.00418962628292896,-1.8138849507994572
14,2022-10-02 23:00:00+00:00,2022-12-25 23:00:00+00:00,2022-12-25 23:00:00+00:00,2023-01-15 23:00:00+00:00,96,0.25,1.5,1.9146702163241924,299,4,-0.007428457733019367,-2.101558139262817
15,2022-10-23 23:00:00+00:00,2023-01-15 23:00:00+00:00,2023-01-15 23:00:00+00:00,2023-02-05 23:00:00+00:00,48,0.25,1.0,4.146490926373815,318,7,0.017780684559762117,4.119343655733227
16,2022-11-13 23:00:00+00:00,2023-02-05 23:00:00+00:00,2023-02-05 23:00:00+00:00,2023-02-26 23:00:00+00:00,48,0.25,2.0,4.827907647319977,341,6,-0.02254206455281782,-3.4399637969875236
17,2022-12-04 23:00:00+00:00,2023-02-26 23:00:00+00:00,2023-02-26 23:00:00+00:00,2023-03-19 23:00:00+00:00,48,0.25,1.0,2.104435777843919,323,5,0.006399674685354295,2.992501306445621
18,2022-12-25 23:00:00+00:00,2023-03-19 23:00:00+00:00,2023-03-19 23:00:00+00:00,2023-04-09 23:00:00+00:00,12,1.0,1.0,3.367207938024455,317,8,0.0029402698673439698,1.1854843478758896
19,2023-01-15 23:00:00+00:00,2023-04-09 23:00:00+00:00,2023-04-09 23:00:00+00:00,2023-04-30 23:00:00+00:00,12,1.0,1.0,2.4809006290625804,344,14,-0.008997211169844088,-2.733211501858786
20,2023-02-05 23:00:00+00:00,2023-04-30 23:00:00+00:00,2023-04-30 23:00:00+00:00,2023-05-21 23:00:00+00:00,12,0.5,1.0,2.668943757242747,344,16,-0.037416082273221796,-9.09043224970822
21,2023-02-26 23:00:00+00:00,2023-05-21 23:00:00+00:00,2023-05-21 23:00:00+00:00,2023-06-11 23:00:00+00:00,12,0.5,1.0,0.6666900392353213,318,11,-0.00987113124330563,-3.5655206867294083
22,2023-03-19 23:00:00+00:00,2023-06-11 23:00:00+00:00,2023-06-11 23:00:00+00:00,2023-07-02 23:00:00+00:00,12,0.5,1.0,-1.042127507846763,320,12,-0.009288805252458232,-3.017433085003081
23,2023-04-09 23:00:00+00:00,2023-07-02 23:00:00+00:00,2023-07-02 23:00:00+00:00,2023-07-23 23:00:00+00:00,96,1.0,1.5,0.47625259207329274,338,2,-0.00939529232638503,-7.558689166071806
24,2023-04-30 23:00:00+00:00,2023-07-23 23:00:00+00:00,2023-07-23 23:00:00+00:00,2023-08-13 23:00:00+00:00,96,0.5,1.5,2.294366825978173,322,3,0.012793646912206302,4.757028893286954
25,2023-05-21 23:00:00+00:00,2023-08-13 23:00:00+00:00,2023-08-13 23:00:00+00:00,2023-09-03 23:00:00+00:00,96,0.5,2.0,3.7114924836004026,322,4,-0.00018997044830781906,-0.04589082752098572
26,2023-06-11 23:00:00+00:00,2023-09-03 23:00:00+00:00,2023-09-03 23:00:00+00:00,2023-09-24 23:00:00+00:00,96,0.5,2.0,2.8231319564496284,341,1,0.004138715745426458,3.5745786002994366
27,2023-07-02 23:00:00+00:00,2023-09-24 23:00:00+00:00,2023-09-24 23:00:00+00:00,2023-10-15 23:00:00+00:00,96,0.5,2.0,2.538413128149298,345,7,0.008234990242192541,2.09330155489792
28,2023-07-23 23:00:00+00:00,2023-10-15 23:00:00+00:00,2023-10-15 23:00:00+00:00,2023-11-05 23:00:00+00:00,96,0.25,2.0,3.409512671174437,321,2,-0.004374327820400703,-3.905204570732618
29,2023-08-13 23:00:00+00:00,2023-11-05 23:00:00+00:00,2023-11-05 23:00:00+00:00,2023-11-26 23:00:00+00:00,96,0.25,2.0,1.6846156402602235,338,2,-0.0023740834414932577,-7.430727499415627
30,2023-09-03 23:00:00+00:00,2023-11-26 23:00:00+00:00,2023-11-26 23:00:00+00:00,2023-12-17 23:00:00+00:00,96,0.25,2.0,0.6718298796097927,322,4,-0.003890262863693761,-2.3307353364054832
31,2023-09-24 23:00:00+00:00,2023-12-17 23:00:00+00:00,2023-12-17 23:00:00+00:00,2024-01-07 23:00:00+00:00,96,0.25,2.0,0.23804088442920843,299,2,0.0050757130015468555,4.8452118282914824
32,2023-10-15 23:00:00+00:00,2024-01-07 23:00:00+00:00,2024-01-07 23:00:00+00:00,2024-01-28 23:00:00+00:00,96,0.25,1.5,0.3055445230417684,341,3,-0.016502265665186977,-9.09729383982588
33,2023-11-05 23:00:00+00:00,2024-01-28 23:00:00+00:00,2024-01-28 23:00:00+00:00,2024-02-18 23:00:00+00:00,96,1.0,1.0,-0.7782780181261195,322,5,-0.0010918739069247785,-1.3997768333776135
34,2023-11-26 23:00:00+00:00,2024-02-18 23:00:00+00:00,2024-02-18 23:00:00+00:00,2024-03-10 23:00:00+00:00,96,1.0,1.0,-0.08771427086041335,319,3,-0.010042037978240215,-6.50828822269652
35,2023-12-17 23:00:00+00:00,2024-03-10 23:00:00+00:00,2024-03-10 23:00:00+00:00,2024-03-31 23:00:00+00:00,96,1.0,2.0,-1.091842883983237,321,2,-0.0020594539140147416,-2.210882459203882
36,2024-01-07 23:00:00+00:00,2024-03-31 23:00:00+00:00,2024-03-31 23:00:00+00:00,2024-04-21 23:00:00+00:00,48,0.25,0.75,-1.9611266819160158,344,10,-0.022426764297582724,-6.882426457412394
37,2024-01-28 23:00:00+00:00,2024-04-21 23:00:00+00:00,2024-04-21 23:00:00+00:00,2024-05-12 23:00:00+00:00,24,0.25,1.5,0.3329108250236237,322,11,-0.02783849363963853,-5.154653466326372
38,2024-02-18 23:00:00+00:00,2024-05-12 23:00:00+00:00,2024-05-12 23:00:00+00:00,2024-06-02 23:00:00+00:00,96,1.0,2.0,-1.355413559054272,320,2,-0.004754750015132259,-4.182423384511356
39,2024-03-10 23:00:00+00:00,2024-06-02 23:00:00+00:00,2024-06-02 23:00:00+00:00,2024-06-23 23:00:00+00:00,96,0.5,2.0,-1.178208522255259,341,2,-0.010268859601476166,-7.76185385562055
40,2024-03-31 23:00:00+00:00,2024-06-23 23:00:00+00:00,2024-06-23 23:00:00+00:00,2024-07-14 23:00:00+00:00,24,0.25,1.5,-0.9379653964666328,336,8,0.008335801198361192,3.252119240913412
41,2024-04-21 23:00:00+00:00,2024-07-14 23:00:00+00:00,2024-07-14 23:00:00+00:00,2024-08-04 23:00:00+00:00,24,0.25,1.5,-1.8693211583142861,322,7,-0.011739851589926853,-3.101816872241525
42,2024-05-12 23:00:00+00:00,2024-08-04 23:00:00+00:00,2024-08-04 23:00:00+00:00,2024-08-25 23:00:00+00:00,12,1.0,2.0,-0.0920098458192942,345,9,-0.00022584161837913008,0.013369274212914709
43,2024-06-02 23:00:00+00:00,2024-08-25 23:00:00+00:00,2024-08-25 23:00:00+00:00,2024-09-15 23:00:00+00:00,24,0.5,1.5,2.0202688103996427,341,13,-0.025429061488944638,-4.863695736963954
44,2024-06-23 23:00:00+00:00,2024-09-15 23:00:00+00:00,2024-09-15 23:00:00+00:00,2024-10-06 23:00:00+00:00,96,0.25,1.5,1.0774917401294468,322,0,0.0,0.0
45,2024-07-14 23:00:00+00:00,2024-10-06 23:00:00+00:00,2024-10-06 23:00:00+00:00,2024-10-27 23:00:00+00:00,96,0.25,1.5,2.0798596989154574,345,3,-0.007471968782240546,-4.705553797358731
46,2024-08-04 23:00:00+00:00,2024-10-27 23:00:00+00:00,2024-10-27 23:00:00+00:00,2024-11-17 23:00:00+00:00,96,1.0,1.5,-0.6622074652690999,321,2,-0.005397005602942984,-5.543825982015066
47,2024-08-25 23:00:00+00:00,2024-11-17 23:00:00+00:00,2024-11-17 23:00:00+00:00,2024-12-08 23:00:00+00:00,96,1.0,1.5,-1.0974550502138212,338,6,-0.011145152419851367,-4.478364049362385
48,2024-09-15 23:00:00+00:00,2024-12-08 23:00:00+00:00,2024-12-08 23:00:00+00:00,2024-12-29 23:00:00+00:00,48,0.25,1.0,-2.540979124840046,319,5,0.023983266921141944,5.2113470351363445
