fold,train_start,train_end,test_start,test_end,vwap_lookback,entry_dev,target_atr_mult,stop_atr_mult,train_sharpe,test_bars,oos_trades,oos_return,oos_sharpe
1,2022-01-02 23:00:00+00:00,2022-03-27 23:00:00+00:00,2022-03-27 23:00:00+00:00,2022-04-17 23:00:00+00:00,48,0.25,4.0,2.0,4.163994268083328,322,6,0.03033321820003998,9.424483044324635
2,2022-01-23 23:00:00+00:00,2022-04-17 23:00:00+00:00,2022-04-17 23:00:00+00:00,2022-05-08 23:00:00+00:00,48,0.5,4.0,2.0,5.035533051365736,345,8,0.039692361856273006,6.108525837237858
3,2022-02-13 23:00:00+00:00,2022-05-08 23:00:00+00:00,2022-05-08 23:00:00+00:00,2022-05-29 23:00:00+00:00,48,0.5,4.0,2.0,5.197443670225228,345,5,0.02333398554829813,3.923963744352081
4,2022-03-06 23:00:00+00:00,2022-05-29 23:00:00+00:00,2022-05-29 23:00:00+00:00,2022-06-19 23:00:00+00:00,48,0.5,4.0,2.0,5.893965495336747,341,7,0.04084538691322104,5.9175985233331
5,2022-03-27 23:00:00+00:00,2022-06-19 23:00:00+00:00,2022-06-19 23:00:00+00:00,2022-07-10 23:00:00+00:00,96,0.25,4.0,2.0,5.939030981507804,337,2,0.02899037455783171,8.817371115161176
6,2022-04-17 23:00:00+00:00,2022-07-10 23:00:00+00:00,2022-07-10 23:00:00+00:00,2022-07-31 23:00:00+00:00,96,0.25,4.0,2.0,6.2110765776729515,345,2,0.008253990772508768,2.460773356088792
7,2022-05-08 23:00:00+00:00,2022-07-31 23:00:00+00:00,2022-07-31 23:00:00+00:00,2022-08-21 23:00:00+00:00,96,0.25,4.0,2.0,5.020964941546087,345,4,-0.01572696072158475,-9.166504936902623
8,2022-05-29 23:00:00+00:00,2022-08-21 23:00:00+00:00,2022-08-21 23:00:00+00:00,2022-09-11 23:00:00+00:00,96,1.0,2.5,2.0,3.3312216976160314,341,5,0.0019543743982313178,0.44801704489678834
9,2022-06-19 23:00:00+00:00,2022-09-11 23:00:00+00:00,2022-09-11 23:00:00+00:00,2022-10-02 23:00:00+00:00,96,1.0,4.0,2.0,2.143638117318956,345,5,0.03905492294850421,8.450532982659107
10,2022-07-10 23:00:00+00:00,2022-10-02 23:00:00+00:00,2022-10-02 23:00:00+00:00,2022-10-23 23:00:00+00:00,96,1.0,2.5,2.0,3.6151422867896668,345,5,-0.0042671759297818745,-1.0910174907042491
11,2022-07-31 23:00:00+00:00,2022-10-23 23:00:00+00:00,2022-10-23 23:00:00+00:00,2022-11-13 23:00:00+00:00,96,1.0,2.5,2.0,2.623271195052899,344,5,-0.00917827059305576,-3.433467161435573
12,2022-08-21 23:00:00+00:00,2022-11-13 23:00:00+00:00,2022-11-13 23:00:00+00:00,2022-12-04 23:00:00+00:00,96,1.0,2.5,2.0,1.9339815709408068,338,3,0.012802355688922962,3.9713247753256655
13,2022-09-11 23:00:00+00:00,2022-12-04 23:00:00+00:00,2022-12-04 23:00:00+00:00,2022-12-25 23:00:00+00:00,96,0.5,2.5,2.0,3.3251542786183115,345,4,-0.021804950921706756,-8.922264824902218
14,2022-10-02 23:00:00+00:00,2022-12-25 23:00:00+00:00,2022-12-25 23:00:00+00:00,2023-01-15 23:00:00+00:00,96,0.5,4.0,2.0,0.40088592221188674,299,4,-0.00957122625057294,-2.6476691851229743
15,2022-10-23 23:00:00+00:00,2023-01-15 23:00:00+00:00,2023-01-15 23:00:00+00:00,2023-02-05 23:00:00+00:00,48,0.25,1.5,2.0,4.747380879047679,318,7,0.02535112513216431,5.72342238757607
16,2022-11-13 23:00:00+00:00,2023-02-05 23:00:00+00:00,2023-02-05 23:00:00+00:00,2023-02-26 23:00:00+00:00,48,0.25,1.5,2.0,4.9814603905226695,341,7,-0.018384892129077013,-3.0178001336426727
17,2022-12-04 23:00:00+00:00,2023-02-26 23:00:00+00:00,2023-02-26 23:00:00+00:00,2023-03-19 23:00:00+00:00,48,0.5,2.5,2.0,1.8901521166950057,323,5,-0.003174305721719284,-0.9946934436908413
18,2022-12-25 23:00:00+00:00,2023-03-19 23:00:00+00:00,2023-03-19 23:00:00+00:00,2023-04-09 23:00:00+00:00,12,1.0,2.5,2.0,2.5162684461441054,317,8,-0.009703087749383887,-2.9099267302455214
19,2023-01-15 23:00:00+00:00,2023-04-09 23:00:00+00:00,2023-04-09 23:00:00+00:00,2023-04-30 23:00:00+00:00,96,1.0,2.5,2.0,0.7974915526423308,344,9,-0.0019228884593534001,-0.8170209169891194
20,2023-02-05 23:00:00+00:00,2023-04-30 23:00:00+00:00,2023-04-30 23:00:00+00:00,2023-05-21 23:00:00+00:00,96,1.0,2.5,2.0,-0.26685150913886685,344,4,-0.00223032693436509,-1.3251968124784286
21,2023-02-26 23:00:00+00:00,2023-05-21 23:00:00+00:00,2023-05-21 23:00:00+00:00,2023-06-11 23:00:00+00:00,12,0.5,4.0,2.0,0.2837877473419755,318,11,-0.0005910448297157256,-0.16508866999161403
22,2023-03-19 23:00:00+00:00,2023-06-11 23:00:00+00:00,2023-06-11 23:00:00+00:00,2023-07-02 23:00:00+00:00,24,0.25,1.5,2.0,-1.5079888493629423,320,7,-0.012093792981063167,-4.9821969554365655
23,2023-04-09 23:00:00+00:00,2023-07-02 23:00:00+00:00,2023-07-02 23:00:00+00:00,2023-07-23 23:00:00+00:00,96,0.5,4.0,2.0,-0.2783265651103101,338,2,0.0004794231231382007,0.26313612903837325
24,2023-04-30 23:00:00+00:00,2023-07-23 23:00:00+00:00,2023-07-23 23:00:00+00:00,2023-08-13 23:00:00+00:00,96,0.5,4.0,2.0,2.2143544843540752,322,3,0.01900568010680037,6.464674776484577
25,2023-05-21 23:00:00+00:00,2023-08-13 23:00:00+00:00,2023-08-13 23:00:00+00:00,2023-09-03 23:00:00+00:00,96,0.5,4.0,2.0,3.7114924836004026,322,4,-0.00018997044830781906,-0.04589082752098572
26,2023-06-11 23:00:00+00:00,2023-09-03 23:00:00+00:00,2023-09-03 23:00:00+00:00,2023-09-24 23:00:00+00:00,96,0.5,4.0,2.0,2.8231319564496284,341,1,0.004138715745426458,3.5745786002994366
27,2023-07-02 23:00:00+00:00,2023-09-24 23:00:00+00:00,2023-09-24 23:00:00+00:00,2023-10-15 23:00:00+00:00,96,0.5,4.0,2.0,2.538413128149298,345,7,0.008234990242192541,2.09330155489792
28,2023-07-23 23:00:00+00:00,2023-10-15 23:00:00+00:00,2023-10-15 23:00:00+00:00,2023-11-05 23:00:00+00:00,96,0.25,4.0,2.0,3.409512671174437,321,2,-0.004374327820400703,-3.905204570732618
29,2023-08-13 23:00:00+00:00,2023-11-05 23:00:00+00:00,2023-11-05 23:00:00+00:00,2023-11-26 23:00:00+00:00,96,0.25,4.0,2.0,1.6846156402602235,338,2,-0.0023740834414932577,-7.430727499415627
30,2023-09-03 23:00:00+00:00,2023-11-26 23:00:00+00:00,2023-11-26 23:00:00+00:00,2023-12-17 23:00:00+00:00,96,0.25,4.0,2.0,0.6718298796097927,322,4,-0.003890262863693761,-2.3307353364054832
31,2023-09-24 23:00:00+00:00,2023-12-17 23:00:00+00:00,2023-12-17 23:00:00+00:00,2024-01-07 23:00:00+00:00,96,0.25,4.0,2.0,0.23804088442920843,299,2,0.0050757130015468555,4.8452118282914824
32,2023-10-15 23:00:00+00:00,2024-01-07 23:00:00+00:00,2024-01-07 23:00:00+00:00,2024-01-28 23:00:00+00:00,96,0.25,2.5,2.0,-0.2934209582332773,341,3,-0.016502265665186977,-9.09729383982588
33,2023-11-05 23:00:00+00:00,2024-01-28 23:00:00+00:00,2024-01-28 23:00:00+00:00,2024-02-18 23:00:00+00:00,96,1.0,1.5,2.0,-0.5501725290606653,322,5,-0.006582229928470573,-4.703584042535698
34,2023-11-26 23:00:00+00:00,2024-02-18 23:00:00+00:00,2024-02-18 23:00:00+00:00,2024-03-10 23:00:00+00:00,96,1.0,1.5,2.0,-0.4172903590973664,319,3,-0.0026960755752843957,-1.392718056563349
35,2023-12-17 23:00:00+00:00,2024-03-10 23:00:00+00:00,2024-03-10 23:00:00+00:00,2024-03-31 23:00:00+00:00,96,1.0,2.5,2.0,-1.0138490309443087,321,2,-0.0020594539140147416,-2.210882459203882
36,2024-01-07 23:00:00+00:00,2024-03-31 23:00:00+00:00,2024-03-31 23:00:00+00:00,2024-04-21 23:00:00+00:00,48,0.25,1.5,2.0,-2.826932205791335,344,9,-0.01816080422065469,-5.350827994327221
37,2024-01-28 23:00:00+00:00,2024-04-21 23:00:00+00:00,2024-04-21 23:00:00+00:00,2024-05-12 23:00:00+00:00,24,0.25,2.5,2.0,0.22620359382871139,322,10,-0.036119660247992624,-7.124844467148554
38,2024-02-18 23:00:00+00:00,2024-05-12 23:00:00+00:00,2024-05-12 23:00:00+00:00,2024-06-02 23:00:00+00:00,96,1.0,4.0,2.0,-1.355413559054272,320,2,-0.004754750015132259,-4.182423384511356
39,2024-03-10 23:00:00+00:00,2024-06-02 23:00:00+00:00,2024-06-02 23:00:00+00:00,2024-06-23 23:00:00+00:00,96,0.5,4.0,2.0,-1.178208522255259,341,2,-0.010268859601476166,-7.76185385562055
40,2024-03-31 23:00:00+00:00,2024-06-23 23:00:00+00:00,2024-06-23 23:00:00+00:00,2024-07-14 23:00:00+00:00,24,0.25,2.5,2.0,-2.0272647953471106,336,8,0.003531550461025379,1.131703471505481
41,2024-04-21 23:00:00+00:00,2024-07-14 23:00:00+00:00,2024-07-14 23:00:00+00:00,2024-08-04 23:00:00+00:00,24,0.25,1.5,2.0,-1.4184925887966962,322,7,-0.018717317793300103,-5.35342310166358
42,2024-05-12 23:00:00+00:00,2024-08-04 23:00:00+00:00,2024-08-04 23:00:00+00:00,2024-08-25 23:00:00+00:00,12,1.0,4.0,2.0,-0.0920098458192942,345,9,-0.00022584161837913008,0.013369274212914709
43,2024-06-02 23:00:00+00:00,2024-08-25 23:00:00+00:00,2024-08-25 23:00:00+00:00,2024-09-15 23:00:00+00:00,96,0.5,4.0,2.0,0.9969138207352891,341,4,-0.02574466705075773,-7.101154317209338
44,2024-06-23 23:00:00+00:00,2024-09-15 23:00:00+00:00,2024-09-15 23:00:00+00:00,2024-10-06 23:00:00+00:00,48,1.0,4.0,2.0,0.696887652541081,322,8,-0.015684731486475312,-8.585510725757182
45,2024-07-14 23:00:00+00:00,2024-10-06 23:00:00+00:00,2024-10-06 23:00:00+00:00,2024-10-27 23:00:00+00:00,96,0.25,1.5,2.0,1.3604603169706988,345,3,-0.005484003223300005,-3.5953822480338697
46,2024-08-04 23:00:00+00:00,2024-10-27 23:00:00+00:00,2024-10-27 23:00:00+00:00,2024-11-17 23:00:00+00:00,48,1.0,4.0,2.0,-1.1597135836828278,321,5,-0.01276558547910378,-5.559109365577392
47,2024-08-25 23:00:00+00:00,2024-11-17 23:00:00+00:00,2024-11-17 23:00:00+00:00,2024-12-08 23:00:00+00:00,96,1.0,4.0,2.0,-2.115477252424189,338,6,-0.011145152419851367,-4.478364049362385
48,2024-09-15 23:00:00+00:00,2024-12-08 23:00:00+00:00,2024-12-08 23:00:00+00:00,2024-12-29 23:00:00+00:00,48,0.5,1.5,2.0,-1.4735307736353924,319,5,0.0234112300098388,4.897359643293315
