fold,train_start,train_end,test_start,test_end,trend_ma,entry_z,train_sharpe,test_bars
1,2022-01-02 23:00:00+00:00,2022-03-27 23:00:00+00:00,2022-03-27 23:00:00+00:00,2022-04-17 23:00:00+00:00,96,1.5,5.762386569060521,1288
2,2022-01-23 23:00:00+00:00,2022-04-17 23:00:00+00:00,2022-04-17 23:00:00+00:00,2022-05-08 23:00:00+00:00,96,1.0,5.706179455839397,1380
3,2022-02-13 23:00:00+00:00,2022-05-08 23:00:00+00:00,2022-05-08 23:00:00+00:00,2022-05-29 23:00:00+00:00,96,1.5,4.752236231103018,1380
4,2022-03-06 23:00:00+00:00,2022-05-29 23:00:00+00:00,2022-05-29 23:00:00+00:00,2022-06-19 23:00:00+00:00,96,1.5,3.081705862582565,1364
5,2022-03-27 23:00:00+00:00,2022-06-19 23:00:00+00:00,2022-06-19 23:00:00+00:00,2022-07-10 23:00:00+00:00,96,1.5,0.9161966865731296,1348
6,2022-04-17 23:00:00+00:00,2022-07-10 23:00:00+00:00,2022-07-10 23:00:00+00:00,2022-07-31 23:00:00+00:00,96,1.5,0.5799419536053866,1380
7,2022-05-08 23:00:00+00:00,2022-07-31 23:00:00+00:00,2022-07-31 23:00:00+00:00,2022-08-21 23:00:00+00:00,192,2.0,0.7620169700690689,1380
8,2022-05-29 23:00:00+00:00,2022-08-21 23:00:00+00:00,2022-08-21 23:00:00+00:00,2022-09-11 23:00:00+00:00,192,2.0,2.738984229098407,1364
9,2022-06-19 23:00:00+00:00,2022-09-11 23:00:00+00:00,2022-09-11 23:00:00+00:00,2022-10-02 23:00:00+00:00,192,1.5,0.9579264593359982,1380
10,2022-07-10 23:00:00+00:00,2022-10-02 23:00:00+00:00,2022-10-02 23:00:00+00:00,2022-10-23 23:00:00+00:00,384,1.5,1.3194514206439811,1380
11,2022-07-31 23:00:00+00:00,2022-10-23 23:00:00+00:00,2022-10-23 23:00:00+00:00,2022-11-13 23:00:00+00:00,192,1.5,0.4604700629697902,1376
12,2022-08-21 23:00:00+00:00,2022-11-13 23:00:00+00:00,2022-11-13 23:00:00+00:00,2022-12-04 23:00:00+00:00,384,0.75,1.4833157855913008,1349
13,2022-09-11 23:00:00+00:00,2022-12-04 23:00:00+00:00,2022-12-04 23:00:00+00:00,2022-12-25 23:00:00+00:00,384,2.0,2.439097831976015,1380
14,2022-10-02 23:00:00+00:00,2022-12-25 23:00:00+00:00,2022-12-25 23:00:00+00:00,2023-01-15 23:00:00+00:00,192,2.0,2.067747618242038,1196
15,2022-10-23 23:00:00+00:00,2023-01-15 23:00:00+00:00,2023-01-15 23:00:00+00:00,2023-02-05 23:00:00+00:00,192,2.0,1.3524081513672077,1272
16,2022-11-13 23:00:00+00:00,2023-02-05 23:00:00+00:00,2023-02-05 23:00:00+00:00,2023-02-26 23:00:00+00:00,96,2.0,0.698621056013272,1364
17,2022-12-04 23:00:00+00:00,2023-02-26 23:00:00+00:00,2023-02-26 23:00:00+00:00,2023-03-19 23:00:00+00:00,192,2.0,-0.03954254809500505,1292
18,2022-12-25 23:00:00+00:00,2023-03-19 23:00:00+00:00,2023-03-19 23:00:00+00:00,2023-04-09 23:00:00+00:00,96,2.0,0.6336943783551446,1265
19,2023-01-15 23:00:00+00:00,2023-04-09 23:00:00+00:00,2023-04-09 23:00:00+00:00,2023-04-30 23:00:00+00:00,96,2.0,4.244952552136641,1376
20,2023-02-05 23:00:00+00:00,2023-04-30 23:00:00+00:00,2023-04-30 23:00:00+00:00,2023-05-21 23:00:00+00:00,96,2.0,-0.3086393751327105,1376
21,2023-02-26 23:00:00+00:00,2023-05-21 23:00:00+00:00,2023-05-21 23:00:00+00:00,2023-06-11 23:00:00+00:00,96,2.0,-0.33547511807715574,1272
22,2023-03-19 23:00:00+00:00,2023-06-11 23:00:00+00:00,2023-06-11 23:00:00+00:00,2023-07-02 23:00:00+00:00,384,1.5,-1.218566928411597,1280
23,2023-04-09 23:00:00+00:00,2023-07-02 23:00:00+00:00,2023-07-02 23:00:00+00:00,2023-07-23 23:00:00+00:00,384,1.5,-1.8608991785432836,1349
24,2023-04-30 23:00:00+00:00,2023-07-23 23:00:00+00:00,2023-07-23 23:00:00+00:00,2023-08-13 23:00:00+00:00,96,1.5,0.45301461581785163,1288
25,2023-05-21 23:00:00+00:00,2023-08-13 23:00:00+00:00,2023-08-13 23:00:00+00:00,2023-09-03 23:00:00+00:00,96,1.5,-0.32596883186736464,1288
26,2023-06-11 23:00:00+00:00,2023-09-03 23:00:00+00:00,2023-09-03 23:00:00+00:00,2023-09-24 23:00:00+00:00,96,1.0,0.30746945601840614,1364
27,2023-07-02 23:00:00+00:00,2023-09-24 23:00:00+00:00,2023-09-24 23:00:00+00:00,2023-10-15 23:00:00+00:00,192,2.0,-0.5695621233040161,1380
28,2023-07-23 23:00:00+00:00,2023-10-15 23:00:00+00:00,2023-10-15 23:00:00+00:00,2023-11-05 23:00:00+00:00,384,0.75,-1.6095061519038094,1284
29,2023-08-13 23:00:00+00:00,2023-11-05 23:00:00+00:00,2023-11-05 23:00:00+00:00,2023-11-26 23:00:00+00:00,192,1.0,0.005763206341039836,1349
30,2023-09-03 23:00:00+00:00,2023-11-26 23:00:00+00:00,2023-11-26 23:00:00+00:00,2023-12-17 23:00:00+00:00,288,0.75,0.1894742651709482,1288
31,2023-09-24 23:00:00+00:00,2023-12-17 23:00:00+00:00,2023-12-17 23:00:00+00:00,2024-01-07 23:00:00+00:00,288,0.75,-0.7699383741515485,1196
32,2023-10-15 23:00:00+00:00,2024-01-07 23:00:00+00:00,2024-01-07 23:00:00+00:00,2024-01-28 23:00:00+00:00,384,1.5,-1.9294729643060557,1364
33,2023-11-05 23:00:00+00:00,2024-01-28 23:00:00+00:00,2024-01-28 23:00:00+00:00,2024-02-18 23:00:00+00:00,96,1.5,-0.7114015571230277,1288
34,2023-11-26 23:00:00+00:00,2024-02-18 23:00:00+00:00,2024-02-18 23:00:00+00:00,2024-03-10 23:00:00+00:00,96,2.0,0.8253619281558087,1276
35,2023-12-17 23:00:00+00:00,2024-03-10 23:00:00+00:00,2024-03-10 23:00:00+00:00,2024-03-31 23:00:00+00:00,96,2.0,1.0009436562233405,1284
36,2024-01-07 23:00:00+00:00,2024-03-31 23:00:00+00:00,2024-03-31 23:00:00+00:00,2024-04-21 23:00:00+00:00,96,2.0,1.4088479791385224,1376
37,2024-01-28 23:00:00+00:00,2024-04-21 23:00:00+00:00,2024-04-21 23:00:00+00:00,2024-05-12 23:00:00+00:00,96,2.0,0.1685639555059017,1288
38,2024-02-18 23:00:00+00:00,2024-05-12 23:00:00+00:00,2024-05-12 23:00:00+00:00,2024-06-02 23:00:00+00:00,96,2.0,0.16310265503150617,1280
39,2024-03-10 23:00:00+00:00,2024-06-02 23:00:00+00:00,2024-06-02 23:00:00+00:00,2024-06-23 23:00:00+00:00,96,1.5,0.49497643364758326,1364
40,2024-03-31 23:00:00+00:00,2024-06-23 23:00:00+00:00,2024-06-23 23:00:00+00:00,2024-07-14 23:00:00+00:00,192,2.0,0.07151974433388729,1341
41,2024-04-21 23:00:00+00:00,2024-07-14 23:00:00+00:00,2024-07-14 23:00:00+00:00,2024-08-04 23:00:00+00:00,96,1.5,0.5696313043233847,1288
42,2024-05-12 23:00:00+00:00,2024-08-04 23:00:00+00:00,2024-08-04 23:00:00+00:00,2024-08-25 23:00:00+00:00,96,1.5,0.6111063811007381,1380
43,2024-06-02 23:00:00+00:00,2024-08-25 23:00:00+00:00,2024-08-25 23:00:00+00:00,2024-09-15 23:00:00+00:00,384,1.5,-1.8081173917481057,1364
44,2024-06-23 23:00:00+00:00,2024-09-15 23:00:00+00:00,2024-09-15 23:00:00+00:00,2024-10-06 23:00:00+00:00,96,1.5,0.5874987459887014,1288
45,2024-07-14 23:00:00+00:00,2024-10-06 23:00:00+00:00,2024-10-06 23:00:00+00:00,2024-10-27 23:00:00+00:00,192,0.75,0.34053783060307213,1380
46,2024-08-04 23:00:00+00:00,2024-10-27 23:00:00+00:00,2024-10-27 23:00:00+00:00,2024-11-17 23:00:00+00:00,96,1.0,1.5759211028147266,1284
47,2024-08-25 23:00:00+00:00,2024-11-17 23:00:00+00:00,2024-11-17 23:00:00+00:00,2024-12-08 23:00:00+00:00,96,1.0,3.2938044337059087,1349
48,2024-09-15 23:00:00+00:00,2024-12-08 23:00:00+00:00,2024-12-08 23:00:00+00:00,2024-12-29 23:00:00+00:00,192,2.0,0.033597796579118606,1273
49,2024-10-06 23:00:00+00:00,2024-12-29 23:00:00+00:00,2024-12-29 23:00:00+00:00,2025-01-19 23:00:00+00:00,192,2.0,-0.8046864403235805,1170
50,2024-10-27 23:00:00+00:00,2025-01-19 23:00:00+00:00,2025-01-19 23:00:00+00:00,2025-02-09 23:00:00+00:00,192,2.0,-2.176740754351674,1276
51,2024-11-17 23:00:00+00:00,2025-02-09 23:00:00+00:00,2025-02-09 23:00:00+00:00,2025-03-02 23:00:00+00:00,192,2.0,-3.2615893924929944,1276
52,2024-12-08 23:00:00+00:00,2025-03-02 23:00:00+00:00,2025-03-02 23:00:00+00:00,2025-03-23 23:00:00+00:00,96,2.0,-3.7092063469931564,1384
53,2024-12-29 23:00:00+00:00,2025-03-23 23:00:00+00:00,2025-03-23 23:00:00+00:00,2025-04-13 23:00:00+00:00,192,1.5,-3.2687826179043658,1288
54,2025-01-19 23:00:00+00:00,2025-04-13 23:00:00+00:00,2025-04-13 23:00:00+00:00,2025-05-04 23:00:00+00:00,384,1.5,0.33211431208812336,1196
55,2025-02-09 23:00:00+00:00,2025-05-04 23:00:00+00:00,2025-05-04 23:00:00+00:00,2025-05-25 23:00:00+00:00,384,1.5,1.134397352003431,1380
56,2025-03-02 23:00:00+00:00,2025-05-25 23:00:00+00:00,2025-05-25 23:00:00+00:00,2025-06-15 23:00:00+00:00,384,1.5,1.0389659896176993,1364
57,2025-03-23 23:00:00+00:00,2025-06-15 23:00:00+00:00,2025-06-15 23:00:00+00:00,2025-07-06 23:00:00+00:00,384,1.5,0.5700991624336937,1241
58,2025-04-13 23:00:00+00:00,2025-07-06 23:00:00+00:00,2025-07-06 23:00:00+00:00,2025-07-27 23:00:00+00:00,288,1.5,-0.017846266327521565,1380
59,2025-05-04 23:00:00+00:00,2025-07-27 23:00:00+00:00,2025-07-27 23:00:00+00:00,2025-08-17 23:00:00+00:00,96,1.5,-2.0676721532248195,1288
60,2025-05-25 23:00:00+00:00,2025-08-17 23:00:00+00:00,2025-08-17 23:00:00+00:00,2025-09-07 23:00:00+00:00,96,2.0,-4.032424144403644,1356
61,2025-06-15 23:00:00+00:00,2025-09-07 23:00:00+00:00,2025-09-07 23:00:00+00:00,2025-09-28 23:00:00+00:00,96,2.0,-2.132688804764027,1380
62,2025-07-06 23:00:00+00:00,2025-09-28 23:00:00+00:00,2025-09-28 23:00:00+00:00,2025-10-19 23:00:00+00:00,96,2.0,-2.3428209291771105,1288
63,2025-07-27 23:00:00+00:00,2025-10-19 23:00:00+00:00,2025-10-19 23:00:00+00:00,2025-11-09 23:00:00+00:00,96,0.75,-1.6942412989584736,1292
64,2025-08-17 23:00:00+00:00,2025-11-09 23:00:00+00:00,2025-11-09 23:00:00+00:00,2025-11-30 23:00:00+00:00,96,2.0,0.06257098441825545,1306
65,2025-09-07 23:00:00+00:00,2025-11-30 23:00:00+00:00,2025-11-30 23:00:00+00:00,2025-12-21 23:00:00+00:00,96,0.75,0.39295074073453123,1376
