fold,train_start,train_end,test_start,test_end,range_lookback,confirm_bars,train_sharpe,test_bars,oos_trades,oos_return,oos_sharpe
1,2022-01-02 23:00:00+00:00,2022-03-27 23:00:00+00:00,2022-03-27 23:00:00+00:00,2022-04-17 23:00:00+00:00,576,1,1.2474938989794195,3864,6,0.0008282314438545768,0.1861147741741884
2,2022-01-23 23:00:00+00:00,2022-04-17 23:00:00+00:00,2022-04-17 23:00:00+00:00,2022-05-08 23:00:00+00:00,144,1,4.174890219190948,4140,19,0.020480442591686465,2.001117798501375
3,2022-02-13 23:00:00+00:00,2022-05-08 23:00:00+00:00,2022-05-08 23:00:00+00:00,2022-05-29 23:00:00+00:00,144,1,4.302688628914909,4140,11,-0.02491038164842896,-2.3157690976131824
4,2022-03-06 23:00:00+00:00,2022-05-29 23:00:00+00:00,2022-05-29 23:00:00+00:00,2022-06-19 23:00:00+00:00,288,1,2.6908152055714134,4092,9,-0.004845585825358101,-0.48317774717636625
5,2022-03-27 23:00:00+00:00,2022-06-19 23:00:00+00:00,2022-06-19 23:00:00+00:00,2022-07-10 23:00:00+00:00,288,1,2.0496077258362186,4044,7,0.03155575667806709,4.654262344308219
6,2022-04-17 23:00:00+00:00,2022-07-10 23:00:00+00:00,2022-07-10 23:00:00+00:00,2022-07-31 23:00:00+00:00,288,1,1.8726030936371134,4140,9,-0.004357772449600006,-0.8208204197335326
7,2022-05-08 23:00:00+00:00,2022-07-31 23:00:00+00:00,2022-07-31 23:00:00+00:00,2022-08-21 23:00:00+00:00,288,2,2.359631824446649,4140,3,0.014034298211212715,4.320288766012222
8,2022-05-29 23:00:00+00:00,2022-08-21 23:00:00+00:00,2022-08-21 23:00:00+00:00,2022-09-11 23:00:00+00:00,288,2,2.5831671127602727,4092,8,-0.00756056657525761,-1.2308583588448594
9,2022-06-19 23:00:00+00:00,2022-09-11 23:00:00+00:00,2022-09-11 23:00:00+00:00,2022-10-02 23:00:00+00:00,144,3,2.6925438626323577,4140,2,0.005473142196139813,2.193838229584327
10,2022-07-10 23:00:00+00:00,2022-10-02 23:00:00+00:00,2022-10-02 23:00:00+00:00,2022-10-23 23:00:00+00:00,576,3,3.3720088243535513,4140,2,0.012955999851920197,5.013887150835123
11,2022-07-31 23:00:00+00:00,2022-10-23 23:00:00+00:00,2022-10-23 23:00:00+00:00,2022-11-13 23:00:00+00:00,576,3,3.4789954026477568,4128,3,0.010700217380645638,2.68545797545585
12,2022-08-21 23:00:00+00:00,2022-11-13 23:00:00+00:00,2022-11-13 23:00:00+00:00,2022-12-04 23:00:00+00:00,72,1,3.7019792438202597,4047,8,0.03607793457686981,6.869182198975461
13,2022-09-11 23:00:00+00:00,2022-12-04 23:00:00+00:00,2022-12-04 23:00:00+00:00,2022-12-25 23:00:00+00:00,288,3,4.986877061224143,4140,1,0.001126586582705702,0.49936529866933643
14,2022-10-02 23:00:00+00:00,2022-12-25 23:00:00+00:00,2022-12-25 23:00:00+00:00,2023-01-15 23:00:00+00:00,576,1,5.23977044715221,3588,2,-0.0011279706134255107,-0.28834546457677457
15,2022-10-23 23:00:00+00:00,2023-01-15 23:00:00+00:00,2023-01-15 23:00:00+00:00,2023-02-05 23:00:00+00:00,288,2,6.364495762115239,3816,5,0.01654527013146545,3.4595823051743135
16,2022-11-13 23:00:00+00:00,2023-02-05 23:00:00+00:00,2023-02-05 23:00:00+00:00,2023-02-26 23:00:00+00:00,288,2,4.8036721542136664,4092,2,-0.01704101825315374,-5.992390979526494
17,2022-12-04 23:00:00+00:00,2023-02-26 23:00:00+00:00,2023-02-26 23:00:00+00:00,2023-03-19 23:00:00+00:00,288,3,3.031822178095087,3876,1,0.0011317094443519249,0.46767126480848853
18,2022-12-25 23:00:00+00:00,2023-03-19 23:00:00+00:00,2023-03-19 23:00:00+00:00,2023-04-09 23:00:00+00:00,288,3,2.0137007964467815,3795,2,0.003648379262685353,2.1555335618786957
19,2023-01-15 23:00:00+00:00,2023-04-09 23:00:00+00:00,2023-04-09 23:00:00+00:00,2023-04-30 23:00:00+00:00,288,3,0.7893749051198903,4128,2,0.008277456784648196,6.82621862947302
20,2023-02-05 23:00:00+00:00,2023-04-30 23:00:00+00:00,2023-04-30 23:00:00+00:00,2023-05-21 23:00:00+00:00,288,3,1.9711925280598908,4128,2,0.018243187512067438,8.670757124437388
21,2023-02-26 23:00:00+00:00,2023-05-21 23:00:00+00:00,2023-05-21 23:00:00+00:00,2023-06-11 23:00:00+00:00,288,3,3.991905091206802,3816,2,0.015638992447765343,9.489211486963958
22,2023-03-19 23:00:00+00:00,2023-06-11 23:00:00+00:00,2023-06-11 23:00:00+00:00,2023-07-02 23:00:00+00:00,288,3,6.745488606943415,3840,2,-0.007943810334289592,-3.9415040842336286
23,2023-04-09 23:00:00+00:00,2023-07-02 23:00:00+00:00,2023-07-02 23:00:00+00:00,2023-07-23 23:00:00+00:00,72,3,5.311803240690575,4047,2,0.007547541216191611,4.074559708796888
24,2023-04-30 23:00:00+00:00,2023-07-23 23:00:00+00:00,2023-07-23 23:00:00+00:00,2023-08-13 23:00:00+00:00,72,3,5.725984693153955,3864,4,-0.009048660878808956,-4.416836514332077
25,2023-05-21 23:00:00+00:00,2023-08-13 23:00:00+00:00,2023-08-13 23:00:00+00:00,2023-09-03 23:00:00+00:00,72,3,3.322300300039396,3864,4,0.010695074734090149,3.3459976546414594
26,2023-06-11 23:00:00+00:00,2023-09-03 23:00:00+00:00,2023-09-03 23:00:00+00:00,2023-09-24 23:00:00+00:00,72,1,2.164492904072574,4092,15,0.0011503588848811308,0.2995245927393788
27,2023-07-02 23:00:00+00:00,2023-09-24 23:00:00+00:00,2023-09-24 23:00:00+00:00,2023-10-15 23:00:00+00:00,144,3,3.3819611350406547,4140,3,0.008165282382999628,2.804382989839165
28,2023-07-23 23:00:00+00:00,2023-10-15 23:00:00+00:00,2023-10-15 23:00:00+00:00,2023-11-05 23:00:00+00:00,144,3,4.025051804383635,3852,2,-0.0006211291641040617,-0.3050863938606505
29,2023-08-13 23:00:00+00:00,2023-11-05 23:00:00+00:00,2023-11-05 23:00:00+00:00,2023-11-26 23:00:00+00:00,144,3,4.6869503986335825,4047,1,0.009883519200291513,9.182990219478466
30,2023-09-03 23:00:00+00:00,2023-11-26 23:00:00+00:00,2023-11-26 23:00:00+00:00,2023-12-17 23:00:00+00:00,144,3,4.153205335760199,3864,2,-0.011918134288533277,-9.97582184826512
31,2023-09-24 23:00:00+00:00,2023-12-17 23:00:00+00:00,2023-12-17 23:00:00+00:00,2024-01-07 23:00:00+00:00,144,1,0.885648094576608,3588,7,-0.005281181248839251,-1.5754008362601346
32,2023-10-15 23:00:00+00:00,2024-01-07 23:00:00+00:00,2024-01-07 23:00:00+00:00,2024-01-28 23:00:00+00:00,144,1,0.7240619317678982,4092,10,-0.004787797165586971,-1.292981809507649
33,2023-11-05 23:00:00+00:00,2024-01-28 23:00:00+00:00,2024-01-28 23:00:00+00:00,2024-02-18 23:00:00+00:00,72,3,1.1510236279098127,3864,4,-0.005281432320273782,-2.314514136509423
34,2023-11-26 23:00:00+00:00,2024-02-18 23:00:00+00:00,2024-02-18 23:00:00+00:00,2024-03-10 23:00:00+00:00,576,1,2.152887321135244,3828,7,0.0009510986259952947,0.2936651319691756
35,2023-12-17 23:00:00+00:00,2024-03-10 23:00:00+00:00,2024-03-10 23:00:00+00:00,2024-03-31 23:00:00+00:00,576,1,1.54476562886991,3852,2,-0.0004627296085690791,-0.14923249210732592
36,2024-01-07 23:00:00+00:00,2024-03-31 23:00:00+00:00,2024-03-31 23:00:00+00:00,2024-04-21 23:00:00+00:00,576,3,0.873726738386164,4128,3,-0.0027044055962215374,-1.4362152669923438
37,2024-01-28 23:00:00+00:00,2024-04-21 23:00:00+00:00,2024-04-21 23:00:00+00:00,2024-05-12 23:00:00+00:00,72,2,2.006636759904242,3864,6,-0.014652765477335739,-4.297027566386848
38,2024-02-18 23:00:00+00:00,2024-05-12 23:00:00+00:00,2024-05-12 23:00:00+00:00,2024-06-02 23:00:00+00:00,72,1,1.8546449221021484,3840,8,0.011308081047815,3.7889625126303303
39,2024-03-10 23:00:00+00:00,2024-06-02 23:00:00+00:00,2024-06-02 23:00:00+00:00,2024-06-23 23:00:00+00:00,72,1,1.9618426052474092,4092,12,-0.007269923793108646,-1.8062913975037869
40,2024-03-31 23:00:00+00:00,2024-06-23 23:00:00+00:00,2024-06-23 23:00:00+00:00,2024-07-14 23:00:00+00:00,72,1,1.9342433041202325,4023,16,0.026029125288251187,5.646490920626687
41,2024-04-21 23:00:00+00:00,2024-07-14 23:00:00+00:00,2024-07-14 23:00:00+00:00,2024-08-04 23:00:00+00:00,144,3,2.300643847873461,3864,6,-0.01625892237021076,-3.492981132495797
42,2024-05-12 23:00:00+00:00,2024-08-04 23:00:00+00:00,2024-08-04 23:00:00+00:00,2024-08-25 23:00:00+00:00,144,1,1.120911428352901,4140,5,-0.012297103947504717,-2.5233186107112338
43,2024-06-02 23:00:00+00:00,2024-08-25 23:00:00+00:00,2024-08-25 23:00:00+00:00,2024-09-15 23:00:00+00:00,576,1,0.9481423432939539,4092,3,0.0123530958206024,3.592920908507009
44,2024-06-23 23:00:00+00:00,2024-09-15 23:00:00+00:00,2024-09-15 23:00:00+00:00,2024-10-06 23:00:00+00:00,576,1,2.0124256028944423,3864,2,0.005730564972456387,1.8340511266675878
45,2024-07-14 23:00:00+00:00,2024-10-06 23:00:00+00:00,2024-10-06 23:00:00+00:00,2024-10-27 23:00:00+00:00,576,1,1.5792238027913612,4140,4,-0.019897611971845253,-7.895552583171059
46,2024-08-04 23:00:00+00:00,2024-10-27 23:00:00+00:00,2024-10-27 23:00:00+00:00,2024-11-17 23:00:00+00:00,576,1,0.5089612252451282,3852,5,0.00738274222951496,2.3829484420781215
47,2024-08-25 23:00:00+00:00,2024-11-17 23:00:00+00:00,2024-11-17 23:00:00+00:00,2024-12-08 23:00:00+00:00,576,2,1.3402284147662766,4047,3,0.00590045728652,3.564617505022141
48,2024-09-15 23:00:00+00:00,2024-12-08 23:00:00+00:00,2024-12-08 23:00:00+00:00,2024-12-29 23:00:00+00:00,576,2,1.1498766873587432,3819,3,0.03003903675529007,7.662445165350489
