fold,train_start,train_end,test_start,test_end,cmf_lookback,entry_pressure,train_sharpe,test_bars,oos_trades,oos_return,oos_sharpe
1,2022-01-02 23:00:00+00:00,2022-03-27 23:00:00+00:00,2022-03-27 23:00:00+00:00,2022-04-17 23:00:00+00:00,96,0.1,1.0209017561189024,1288,13,-0.034836266414826955,-6.2764021814504165
2,2022-01-23 23:00:00+00:00,2022-04-17 23:00:00+00:00,2022-04-17 23:00:00+00:00,2022-05-08 23:00:00+00:00,96,0.25,2.2421402061827176,1380,3,0.001435970156996591,0.40194222524679085
3,2022-02-13 23:00:00+00:00,2022-05-08 23:00:00+00:00,2022-05-08 23:00:00+00:00,2022-05-29 23:00:00+00:00,48,0.25,3.658244996118881,1380,9,0.021112147150760707,2.4547971215661097
4,2022-03-06 23:00:00+00:00,2022-05-29 23:00:00+00:00,2022-05-29 23:00:00+00:00,2022-06-19 23:00:00+00:00,48,0.25,3.500451789263667,1364,10,0.01855205534355142,1.7982881985123311
5,2022-03-27 23:00:00+00:00,2022-06-19 23:00:00+00:00,2022-06-19 23:00:00+00:00,2022-07-10 23:00:00+00:00,48,0.25,1.9897297928149322,1348,6,-0.005206694986802041,-1.0809264483860184
6,2022-04-17 23:00:00+00:00,2022-07-10 23:00:00+00:00,2022-07-10 23:00:00+00:00,2022-07-31 23:00:00+00:00,48,0.25,1.9056727532687314,1380,8,-0.00020341295163217588,0.010785551183140804
7,2022-05-08 23:00:00+00:00,2022-07-31 23:00:00+00:00,2022-07-31 23:00:00+00:00,2022-08-21 23:00:00+00:00,48,0.25,1.1461056021945148,1380,12,-0.01878319077608792,-3.4273046405383236
8,2022-05-29 23:00:00+00:00,2022-08-21 23:00:00+00:00,2022-08-21 23:00:00+00:00,2022-09-11 23:00:00+00:00,24,0.05,-0.06408595768227261,1364,29,-0.01639323581200347,-1.634988582454089
9,2022-06-19 23:00:00+00:00,2022-09-11 23:00:00+00:00,2022-09-11 23:00:00+00:00,2022-10-02 23:00:00+00:00,48,0.25,0.30375687236223514,1380,10,0.0030739012088476514,0.4572122877021241
10,2022-07-10 23:00:00+00:00,2022-10-02 23:00:00+00:00,2022-10-02 23:00:00+00:00,2022-10-23 23:00:00+00:00,24,0.25,1.614841821970591,1380,12,0.03450345212590822,3.6001677882736365
11,2022-07-31 23:00:00+00:00,2022-10-23 23:00:00+00:00,2022-10-23 23:00:00+00:00,2022-11-13 23:00:00+00:00,48,0.15,2.648916293561386,1376,14,0.01448928221623702,1.5043237335631248
12,2022-08-21 23:00:00+00:00,2022-11-13 23:00:00+00:00,2022-11-13 23:00:00+00:00,2022-12-04 23:00:00+00:00,24,0.25,4.067932223381981,1349,7,-0.005295006276206604,-1.3302241425592558
13,2022-09-11 23:00:00+00:00,2022-12-04 23:00:00+00:00,2022-12-04 23:00:00+00:00,2022-12-25 23:00:00+00:00,48,0.25,3.5132974832052724,1380,7,0.0010442866037863041,0.21366562605973702
14,2022-10-02 23:00:00+00:00,2022-12-25 23:00:00+00:00,2022-12-25 23:00:00+00:00,2023-01-15 23:00:00+00:00,48,0.25,3.6083888767811083,1196,7,0.007108697828950961,1.5581379903531858
15,2022-10-23 23:00:00+00:00,2023-01-15 23:00:00+00:00,2023-01-15 23:00:00+00:00,2023-02-05 23:00:00+00:00,48,0.25,2.9789038062666617,1364,5,-0.010177707367471589,-3.044959214979735
16,2022-11-13 23:00:00+00:00,2023-02-05 23:00:00+00:00,2023-02-05 23:00:00+00:00,2023-02-26 23:00:00+00:00,96,0.25,0.4535881038453173,1364,2,0.0029060502706119706,1.021301748550495
17,2022-12-04 23:00:00+00:00,2023-02-26 23:00:00+00:00,2023-02-26 23:00:00+00:00,2023-03-19 23:00:00+00:00,96,0.25,1.5059797265272485,1384,6,-0.005285278483617373,-1.2171066850191092
18,2022-12-25 23:00:00+00:00,2023-03-19 23:00:00+00:00,2023-03-19 23:00:00+00:00,2023-04-09 23:00:00+00:00,24,0.15,1.410336261384124,1349,15,0.016262785271075497,2.5437276308579015
19,2023-01-15 23:00:00+00:00,2023-04-09 23:00:00+00:00,2023-04-09 23:00:00+00:00,2023-04-30 23:00:00+00:00,48,0.1,2.142560489194298,1380,19,0.004247655012957985,0.8726007512753094
20,2023-02-05 23:00:00+00:00,2023-04-30 23:00:00+00:00,2023-04-30 23:00:00+00:00,2023-05-21 23:00:00+00:00,48,0.1,2.0527146550747855,1380,18,0.006813333287587486,1.3069380858790633
21,2023-02-26 23:00:00+00:00,2023-05-21 23:00:00+00:00,2023-05-21 23:00:00+00:00,2023-06-11 23:00:00+00:00,48,0.1,2.7074953925491134,1364,18,-0.005958484953882959,-1.199322154674179
22,2023-03-19 23:00:00+00:00,2023-06-11 23:00:00+00:00,2023-06-11 23:00:00+00:00,2023-07-02 23:00:00+00:00,96,0.25,0.8234282109621385,1364,4,-0.005663651080360155,-4.2950266300466335
23,2023-04-09 23:00:00+00:00,2023-07-02 23:00:00+00:00,2023-07-02 23:00:00+00:00,2023-07-23 23:00:00+00:00,48,0.1,0.9859337150707687,1349,17,-0.015910092224340255,-4.392734469648785
24,2023-04-30 23:00:00+00:00,2023-07-23 23:00:00+00:00,2023-07-23 23:00:00+00:00,2023-08-13 23:00:00+00:00,48,0.1,-0.050471880562591324,1380,17,-0.05121479182985911,-10.401914955019638
25,2023-05-21 23:00:00+00:00,2023-08-13 23:00:00+00:00,2023-08-13 23:00:00+00:00,2023-09-03 23:00:00+00:00,96,0.25,-0.8880076183659801,1380,3,-0.009413857268750103,-2.9542317589348435
26,2023-06-11 23:00:00+00:00,2023-09-03 23:00:00+00:00,2023-09-03 23:00:00+00:00,2023-09-24 23:00:00+00:00,48,0.25,-0.12819945583232004,1364,11,-0.016113514168898613,-4.431494654810674
27,2023-07-02 23:00:00+00:00,2023-09-24 23:00:00+00:00,2023-09-24 23:00:00+00:00,2023-10-15 23:00:00+00:00,96,0.25,-1.227890358680457,1380,2,-0.003228666469619279,-1.5950165352858248
28,2023-07-23 23:00:00+00:00,2023-10-15 23:00:00+00:00,2023-10-15 23:00:00+00:00,2023-11-05 23:00:00+00:00,48,0.25,-0.4213530182771509,1377,9,0.01719452475613248,3.6804614567251592
29,2023-08-13 23:00:00+00:00,2023-11-05 23:00:00+00:00,2023-11-05 23:00:00+00:00,2023-11-26 23:00:00+00:00,48,0.25,2.5717593637921974,1349,9,0.0006088926268319472,0.229969500218835
30,2023-09-03 23:00:00+00:00,2023-11-26 23:00:00+00:00,2023-11-26 23:00:00+00:00,2023-12-17 23:00:00+00:00,48,0.25,0.5378359825710665,1380,6,-0.008751163092667658,-3.353853224272624
31,2023-09-24 23:00:00+00:00,2023-12-17 23:00:00+00:00,2023-12-17 23:00:00+00:00,2024-01-07 23:00:00+00:00,48,0.25,1.0600974859145214,1196,10,-0.028806508850889312,-8.836333395983129
32,2023-10-15 23:00:00+00:00,2024-01-07 23:00:00+00:00,2024-01-07 23:00:00+00:00,2024-01-28 23:00:00+00:00,96,0.05,-0.16376119679737558,1364,19,-0.015256206189992239,-3.54668918439421
33,2023-11-05 23:00:00+00:00,2024-01-28 23:00:00+00:00,2024-01-28 23:00:00+00:00,2024-02-18 23:00:00+00:00,96,0.1,-1.432866170173843,1380,14,0.00834796154885531,1.817910705202475
34,2023-11-26 23:00:00+00:00,2024-02-18 23:00:00+00:00,2024-02-18 23:00:00+00:00,2024-03-10 23:00:00+00:00,96,0.1,-1.243473649966138,1368,15,-0.016702800227009318,-4.071208491878399
35,2023-12-17 23:00:00+00:00,2024-03-10 23:00:00+00:00,2024-03-10 23:00:00+00:00,2024-03-31 23:00:00+00:00,48,0.1,-1.6681230595727081,1288,15,-0.040334257692293596,-10.429011476806126
36,2024-01-07 23:00:00+00:00,2024-03-31 23:00:00+00:00,2024-03-31 23:00:00+00:00,2024-04-21 23:00:00+00:00,96,0.25,-1.7818270760965678,1380,1,-0.002677106195203227,-3.4660550581305145
37,2024-01-28 23:00:00+00:00,2024-04-21 23:00:00+00:00,2024-04-21 23:00:00+00:00,2024-05-12 23:00:00+00:00,96,0.25,-2.215502744759294,1380,3,-0.004714966557254896,-1.3076278824363972
38,2024-02-18 23:00:00+00:00,2024-05-12 23:00:00+00:00,2024-05-12 23:00:00+00:00,2024-06-02 23:00:00+00:00,96,0.25,-2.3336467689110147,1364,4,-0.006266760673033778,-4.783136750309272
39,2024-03-10 23:00:00+00:00,2024-06-02 23:00:00+00:00,2024-06-02 23:00:00+00:00,2024-06-23 23:00:00+00:00,96,0.25,-2.5909200249045212,1364,3,-0.0031538291065248414,-1.7270957716647612
40,2024-03-31 23:00:00+00:00,2024-06-23 23:00:00+00:00,2024-06-23 23:00:00+00:00,2024-07-14 23:00:00+00:00,96,0.25,-1.966151724422148,1349,4,-0.003988312997707966,-2.330268997274365
41,2024-04-21 23:00:00+00:00,2024-07-14 23:00:00+00:00,2024-07-14 23:00:00+00:00,2024-08-04 23:00:00+00:00,96,0.25,-1.9979968717499272,1380,3,-0.00792379568853352,-3.2211937757996485
42,2024-05-12 23:00:00+00:00,2024-08-04 23:00:00+00:00,2024-08-04 23:00:00+00:00,2024-08-25 23:00:00+00:00,96,0.15,0.9373412166086037,1380,10,0.014243785741183457,3.9814023415795687
43,2024-06-02 23:00:00+00:00,2024-08-25 23:00:00+00:00,2024-08-25 23:00:00+00:00,2024-09-15 23:00:00+00:00,96,0.15,1.4252033346011328,1364,10,-0.011739288878578003,-2.8291706463906148
44,2024-06-23 23:00:00+00:00,2024-09-15 23:00:00+00:00,2024-09-15 23:00:00+00:00,2024-10-06 23:00:00+00:00,96,0.15,0.7530184551137608,1380,4,-0.01799971304093262,-7.045711084884826
45,2024-07-14 23:00:00+00:00,2024-10-06 23:00:00+00:00,2024-10-06 23:00:00+00:00,2024-10-27 23:00:00+00:00,96,0.15,0.5526585563321832,1380,7,-0.010702821379430238,-4.451367099356812
46,2024-08-04 23:00:00+00:00,2024-10-27 23:00:00+00:00,2024-10-27 23:00:00+00:00,2024-11-17 23:00:00+00:00,96,0.25,0.8932010451001741,1376,0,0.0,0.0
47,2024-08-25 23:00:00+00:00,2024-11-17 23:00:00+00:00,2024-11-17 23:00:00+00:00,2024-12-08 23:00:00+00:00,96,0.25,0.2895698040451039,1349,3,0.010939328076716937,5.511798664225211
48,2024-09-15 23:00:00+00:00,2024-12-08 23:00:00+00:00,2024-12-08 23:00:00+00:00,2024-12-29 23:00:00+00:00,96,0.25,1.5370997494468095,1273,8,0.01549946452360218,3.826489771947975
