fold,train_start,train_end,test_start,test_end,range_lookback,confirm_bars,target_width_mult,train_sharpe,test_bars,oos_trades,oos_return,oos_sharpe
1,2022-01-02 23:00:00+00:00,2022-03-27 23:00:00+00:00,2022-03-27 23:00:00+00:00,2022-04-17 23:00:00+00:00,576,1,0.5,1.2884695312462264,3864,6,0.0008282314438545768,0.1861147741741884
2,2022-01-23 23:00:00+00:00,2022-04-17 23:00:00+00:00,2022-04-17 23:00:00+00:00,2022-05-08 23:00:00+00:00,144,1,2.0,4.021891896899153,4140,19,0.016627876684701892,1.6504033957849509
3,2022-02-13 23:00:00+00:00,2022-05-08 23:00:00+00:00,2022-05-08 23:00:00+00:00,2022-05-29 23:00:00+00:00,144,1,2.0,4.0642607213172735,4140,12,-0.026310806955168742,-2.460215203810732
4,2022-03-06 23:00:00+00:00,2022-05-29 23:00:00+00:00,2022-05-29 23:00:00+00:00,2022-06-19 23:00:00+00:00,288,1,1.5,2.6908152055714134,4092,9,-0.004845585825358101,-0.48317774717636625
5,2022-03-27 23:00:00+00:00,2022-06-19 23:00:00+00:00,2022-06-19 23:00:00+00:00,2022-07-10 23:00:00+00:00,288,3,0.5,2.381258016204216,4044,3,0.008638384972457613,2.1107732639155468
6,2022-04-17 23:00:00+00:00,2022-07-10 23:00:00+00:00,2022-07-10 23:00:00+00:00,2022-07-31 23:00:00+00:00,288,3,0.5,2.302227566291747,4140,2,0.0021533247201481753,1.9790004979354994
7,2022-05-08 23:00:00+00:00,2022-07-31 23:00:00+00:00,2022-07-31 23:00:00+00:00,2022-08-21 23:00:00+00:00,144,3,0.5,2.569243418891274,4140,3,0.001660116152199631,0.6649021031993073
8,2022-05-29 23:00:00+00:00,2022-08-21 23:00:00+00:00,2022-08-21 23:00:00+00:00,2022-09-11 23:00:00+00:00,288,2,1.0,2.5831671127602727,4092,8,-0.00756056657525761,-1.2308583588448594
9,2022-06-19 23:00:00+00:00,2022-09-11 23:00:00+00:00,2022-09-11 23:00:00+00:00,2022-10-02 23:00:00+00:00,144,3,1.0,2.6925438626323577,4140,2,0.005473142196139813,2.193838229584327
10,2022-07-10 23:00:00+00:00,2022-10-02 23:00:00+00:00,2022-10-02 23:00:00+00:00,2022-10-23 23:00:00+00:00,576,3,0.5,3.3720088243535513,4140,2,0.012955999851920197,5.013887150835123
11,2022-07-31 23:00:00+00:00,2022-10-23 23:00:00+00:00,2022-10-23 23:00:00+00:00,2022-11-13 23:00:00+00:00,576,3,0.5,3.4789954026477568,4128,3,0.010700217380645638,2.68545797545585
12,2022-08-21 23:00:00+00:00,2022-11-13 23:00:00+00:00,2022-11-13 23:00:00+00:00,2022-12-04 23:00:00+00:00,72,1,2.0,3.947634855069018,4047,9,0.03374333298672383,6.467013315016074
13,2022-09-11 23:00:00+00:00,2022-12-04 23:00:00+00:00,2022-12-04 23:00:00+00:00,2022-12-25 23:00:00+00:00,288,3,1.0,4.986877061224143,4140,1,0.001126586582705702,0.49936529866933643
14,2022-10-02 23:00:00+00:00,2022-12-25 23:00:00+00:00,2022-12-25 23:00:00+00:00,2023-01-15 23:00:00+00:00,576,1,0.5,5.341160406098833,3588,2,-0.0011279706134255107,-0.28834546457677457
15,2022-10-23 23:00:00+00:00,2023-01-15 23:00:00+00:00,2023-01-15 23:00:00+00:00,2023-02-05 23:00:00+00:00,72,2,0.5,7.1444520561051155,3816,10,-0.018218093468616914,-4.202900670968228
16,2022-11-13 23:00:00+00:00,2023-02-05 23:00:00+00:00,2023-02-05 23:00:00+00:00,2023-02-26 23:00:00+00:00,288,2,2.0,4.8036721542136664,4092,2,-0.01704101825315374,-5.992390979526494
17,2022-12-04 23:00:00+00:00,2023-02-26 23:00:00+00:00,2023-02-26 23:00:00+00:00,2023-03-19 23:00:00+00:00,288,3,0.5,3.2603283508773817,3876,1,0.0011317094443519249,0.46767126480848853
18,2022-12-25 23:00:00+00:00,2023-03-19 23:00:00+00:00,2023-03-19 23:00:00+00:00,2023-04-09 23:00:00+00:00,288,3,1.0,2.0137007964467815,3795,2,0.003648379262685353,2.1555335618786957
19,2023-01-15 23:00:00+00:00,2023-04-09 23:00:00+00:00,2023-04-09 23:00:00+00:00,2023-04-30 23:00:00+00:00,288,3,0.5,0.7893749051198903,4128,2,0.009020505384856436,7.805047157617597
20,2023-02-05 23:00:00+00:00,2023-04-30 23:00:00+00:00,2023-04-30 23:00:00+00:00,2023-05-21 23:00:00+00:00,144,3,1.5,2.2437379169992475,4128,3,0.015644621712142426,7.398977927274161
21,2023-02-26 23:00:00+00:00,2023-05-21 23:00:00+00:00,2023-05-21 23:00:00+00:00,2023-06-11 23:00:00+00:00,288,3,1.0,4.2429418423557,3816,2,0.015426443783283839,10.79082067072107
22,2023-03-19 23:00:00+00:00,2023-06-11 23:00:00+00:00,2023-06-11 23:00:00+00:00,2023-07-02 23:00:00+00:00,288,3,1.0,7.2437359874299885,3840,2,-0.007943810334289592,-3.9415040842336286
23,2023-04-09 23:00:00+00:00,2023-07-02 23:00:00+00:00,2023-07-02 23:00:00+00:00,2023-07-23 23:00:00+00:00,144,3,0.5,5.596598739879192,4047,3,0.003986845448160636,2.3952347522108526
24,2023-04-30 23:00:00+00:00,2023-07-23 23:00:00+00:00,2023-07-23 23:00:00+00:00,2023-08-13 23:00:00+00:00,72,3,2.0,5.950505297721284,3864,4,-0.009048660878808956,-4.416836514332077
25,2023-05-21 23:00:00+00:00,2023-08-13 23:00:00+00:00,2023-08-13 23:00:00+00:00,2023-09-03 23:00:00+00:00,72,3,2.0,3.322300300039396,3864,4,0.010695074734090149,3.3459976546414594
26,2023-06-11 23:00:00+00:00,2023-09-03 23:00:00+00:00,2023-09-03 23:00:00+00:00,2023-09-24 23:00:00+00:00,144,3,2.0,2.086876244995642,4092,2,0.016393666169105092,9.12354215693986
27,2023-07-02 23:00:00+00:00,2023-09-24 23:00:00+00:00,2023-09-24 23:00:00+00:00,2023-10-15 23:00:00+00:00,144,3,2.0,3.3819611350406547,4140,3,0.008165282382999628,2.804382989839165
28,2023-07-23 23:00:00+00:00,2023-10-15 23:00:00+00:00,2023-10-15 23:00:00+00:00,2023-11-05 23:00:00+00:00,144,3,0.5,4.237376194231544,3852,2,-0.0006211291641040617,-0.3050863938606505
29,2023-08-13 23:00:00+00:00,2023-11-05 23:00:00+00:00,2023-11-05 23:00:00+00:00,2023-11-26 23:00:00+00:00,144,3,0.5,5.030598537225196,4047,2,0.009292004612298177,8.69362724605668
30,2023-09-03 23:00:00+00:00,2023-11-26 23:00:00+00:00,2023-11-26 23:00:00+00:00,2023-12-17 23:00:00+00:00,144,3,0.5,5.237679194818488,3864,2,-0.011918134288533277,-9.97582184826512
31,2023-09-24 23:00:00+00:00,2023-12-17 23:00:00+00:00,2023-12-17 23:00:00+00:00,2024-01-07 23:00:00+00:00,144,1,1.0,1.5161898479869134,3588,7,-0.006940111542110383,-2.1203010046290265
32,2023-10-15 23:00:00+00:00,2024-01-07 23:00:00+00:00,2024-01-07 23:00:00+00:00,2024-01-28 23:00:00+00:00,144,1,2.0,0.7819803775027675,4092,10,-0.004787797165586971,-1.292981809507649
33,2023-11-05 23:00:00+00:00,2024-01-28 23:00:00+00:00,2024-01-28 23:00:00+00:00,2024-02-18 23:00:00+00:00,72,3,1.5,1.1510236279098127,3864,4,-0.005281432320273782,-2.314514136509423
34,2023-11-26 23:00:00+00:00,2024-02-18 23:00:00+00:00,2024-02-18 23:00:00+00:00,2024-03-10 23:00:00+00:00,576,1,0.5,2.430671282116274,3828,8,0.000857836081467056,0.27154899700506685
35,2023-12-17 23:00:00+00:00,2024-03-10 23:00:00+00:00,2024-03-10 23:00:00+00:00,2024-03-31 23:00:00+00:00,576,1,0.5,1.7768778382994073,3852,2,-0.0004627296085690791,-0.14923249210732592
36,2024-01-07 23:00:00+00:00,2024-03-31 23:00:00+00:00,2024-03-31 23:00:00+00:00,2024-04-21 23:00:00+00:00,576,3,0.5,0.873726738386164,4128,3,-0.0027044055962215374,-1.4362152669923438
37,2024-01-28 23:00:00+00:00,2024-04-21 23:00:00+00:00,2024-04-21 23:00:00+00:00,2024-05-12 23:00:00+00:00,72,1,1.5,2.4716670282195885,3864,9,-0.006493097344740906,-1.751375383364394
38,2024-02-18 23:00:00+00:00,2024-05-12 23:00:00+00:00,2024-05-12 23:00:00+00:00,2024-06-02 23:00:00+00:00,72,1,2.0,2.4612263899937155,3840,9,0.009311286578418843,3.153904177632102
39,2024-03-10 23:00:00+00:00,2024-06-02 23:00:00+00:00,2024-06-02 23:00:00+00:00,2024-06-23 23:00:00+00:00,72,1,2.0,2.5554033757943397,4092,12,-0.007269923793108646,-1.8062913975037869
40,2024-03-31 23:00:00+00:00,2024-06-23 23:00:00+00:00,2024-06-23 23:00:00+00:00,2024-07-14 23:00:00+00:00,72,1,1.5,3.129294846763219,4023,19,0.022569096755703955,4.968302830763358
41,2024-04-21 23:00:00+00:00,2024-07-14 23:00:00+00:00,2024-07-14 23:00:00+00:00,2024-08-04 23:00:00+00:00,144,3,1.5,2.300643847873461,3864,6,-0.01625892237021076,-3.492981132495797
42,2024-05-12 23:00:00+00:00,2024-08-04 23:00:00+00:00,2024-08-04 23:00:00+00:00,2024-08-25 23:00:00+00:00,72,1,1.5,1.1764353806076595,4140,8,-0.014254938140012774,-1.9377480340226867
43,2024-06-02 23:00:00+00:00,2024-08-25 23:00:00+00:00,2024-08-25 23:00:00+00:00,2024-09-15 23:00:00+00:00,576,1,1.0,0.9481423432939539,4092,3,0.0123530958206024,3.592920908507009
44,2024-06-23 23:00:00+00:00,2024-09-15 23:00:00+00:00,2024-09-15 23:00:00+00:00,2024-10-06 23:00:00+00:00,576,1,1.0,2.0124256028944423,3864,2,0.005730564972456387,1.8340511266675878
45,2024-07-14 23:00:00+00:00,2024-10-06 23:00:00+00:00,2024-10-06 23:00:00+00:00,2024-10-27 23:00:00+00:00,576,1,1.0,1.5792238027913612,4140,4,-0.019897611971845253,-7.895552583171059
46,2024-08-04 23:00:00+00:00,2024-10-27 23:00:00+00:00,2024-10-27 23:00:00+00:00,2024-11-17 23:00:00+00:00,576,1,1.0,0.5089612252451282,3852,5,0.00738274222951496,2.3829484420781215
47,2024-08-25 23:00:00+00:00,2024-11-17 23:00:00+00:00,2024-11-17 23:00:00+00:00,2024-12-08 23:00:00+00:00,576,2,0.5,1.6025480378427128,4047,3,0.00590045728652,3.564617505022141
48,2024-09-15 23:00:00+00:00,2024-12-08 23:00:00+00:00,2024-12-08 23:00:00+00:00,2024-12-29 23:00:00+00:00,576,2,0.5,1.4593283852876953,3819,4,0.025719964027834497,6.796981685554505
